-- phpMyAdmin SQL Dump
-- version 5.2.0
-- https://www.phpmyadmin.net/
--
-- Hôte : 127.0.0.1:3306
-- Généré le : mer. 08 nov. 2023 à 12:31
-- Version du serveur : 8.0.31
-- Version de PHP : 8.0.26

SET SQL_MODE = "NO_AUTO_VALUE_ON_ZERO";
START TRANSACTION;
SET time_zone = "+00:00";


/*!40101 SET @OLD_CHARACTER_SET_CLIENT=@@CHARACTER_SET_CLIENT */;
/*!40101 SET @OLD_CHARACTER_SET_RESULTS=@@CHARACTER_SET_RESULTS */;
/*!40101 SET @OLD_COLLATION_CONNECTION=@@COLLATION_CONNECTION */;
/*!40101 SET NAMES utf8mb4 */;

--
-- Base de données : `db_projet`
--

--
-- Déchargement des données de la table `activite`
--

INSERT INTO `activite` (`ID_ACTIVITE`, `NOM_ACTIVITE`) VALUES
(1, 'rarement'),
(2, '1 à 3 fois par semaine'),
(3, '3 à 5 fois par semaine'),
(4, 'plus de 5 fois par semaine');

--
-- Déchargement des données de la table `aliment`
--

INSERT INTO `aliment` (`ID_ALIMENT`, `NOM_ALIMENT`, `ENERGIE`, `LIPIDES`, `GLUCIDES`, `SUCRE`, `FIBRES`, `PROTEINES`, `SEL`) VALUES
(1, 'Soupe Douceur 8 Légumes à la Crème Fraîche', '44.0', '1.8', '6.1', '2.9', '0.8', '0.7', '0.7'),
(2, 'Taboulé oriental', '165.0', '5.9', '23.0', '5.5', '1.7', '4.0', '1.2'),
(3, 'Tomato beans', '78.0', '0.2', '12.5', '4.7', '3.7', '4.7', '0.6'),
(4, 'Velouté de Tomates', '35.0', '1.0', '6.0', '3.0', '0.5', '0.5', '0.7'),
(5, 'Terrine légumes du soleil', '222.0', '16.0', '13.0', '2.1', '4.2', '4.2', '1.0'),
(6, 'Palet de légumes Courgettes Aubergines', '122.0', '5.1', '13.7', '3.6', '3.1', '3.8', '0.8'),
(7, 'Taboulé Libanais', '169.0', '6.6', '22.0', '2.6', '2.3', '4.2', '0.8'),
(8, 'La Poêlée Celtique', '47.0', '1.3', '5.8', '1.8', '2.3', '1.7', '0.1'),
(9, 'Tartes courgette tomate fêta', '223.0', '14.0', '18.0', '2.3', '1.9', '6.3', '0.7'),
(10, 'Le Panais', '76.0', '1.1', '12.5', '5.7', '4.3', '1.8', '0.0'),
(11, 'Veritable cassoulet de castelnaudary', '151.0', '7.6', '10.0', '0.5', '0.0', '11.0', '0.8'),
(12, 'Mouliné de légumes', '33.0', '0.8', '5.3', '2.1', '1.1', '0.7', '0.9'),
(13, 'Mijotés de lentilles aux légumes', '92.0', '3.6', '9.0', '1.9', '2.9', '4.4', '0.7'),
(14, 'Foies de volailles confits', '170.0', '10.0', '1.1', '0.0', '0.0', '19.0', '1.5'),
(15, 'Soupe biologiques aux lentils et légumes', '64.0', '1.6', '9.6', '2.0', '0.0', '2.8', '0.3'),
(16, 'Soupes biologiques Minestrone', '36.0', '0.6', '6.8', '2.0', '0.0', '1.2', '0.3'),
(17, 'Knorr Soupe Liquide Bio Mouliné de Légumes Variés ', '37.0', '1.0', '5.7', '1.1', '0.9', '0.9', '0.7'),
(18, 'Délice de potiron châtaigne', '32.0', '0.6', '5.4', '1.8', '1.0', '0.6', '0.7'),
(19, 'MOUSLINE Purée Nature, 4 sachets pour 4 personnes ', '348.0', '0.8', '74.0', '3.5', '7.7', '7.4', '0.1'),
(20, 'Soupe butternut patate douce', '31.0', '0.7', '5.0', '1.9', '0.0', '0.7', '0.6'),
(21, 'Knorr Soupe Liquide Bio Mouliné de Tomates, Oignon', '35.0', '1.0', '5.7', '3.5', '0.5', '0.7', '0.6'),
(22, 'Haricots blancs à la Tomate', '71.0', '1.1', '7.6', '1.4', '5.8', '4.7', '0.7'),
(23, 'Gaspacho original, bio', '40.0', '2.4', '2.9', '2.9', '1.6', '0.7', '0.8'),
(24, 'Couscous', '351.0', '1.5', '70.0', '1.5', '3.5', '13.0', '0.0'),
(25, 'Purée de patates douces', '72.0', '1.4', '12.0', '3.7', '2.1', '1.9', '0.6'),
(26, 'Taboulé aux tomates', '0.0', '0.0', '0.0', '0.0', '0.0', '0.0', '0.0'),
(27, 'Couscous moyen Golden sun', '349.0', '1.8', '69.0', '2.1', '4.2', '12.0', '0.0'),
(28, 'Bio boulgour', '342.0', '1.5', '67.0', '0.8', '0.0', '11.0', '0.0'),
(29, 'Gratin Dauphinois au jambon', '117.0', '5.4', '11.0', '2.1', '1.2', '5.6', '0.7'),
(30, 'Ma popote mes galettes de pois chiches', '136.0', '4.0', '19.0', '1.5', '3.9', '4.5', '1.0'),
(31, 'Heinz No Added Sugar Cream of Tomato Soup', '34.0', '1.2', '5.0', '2.6', '0.3', '0.8', '0.4'),
(32, 'Velouté de légumes de France', '33.0', '1.2', '4.4', '1.3', '0.0', '0.6', '0.6'),
(33, 'Cassoulet aux manchons de canard confits', '144.0', '7.0', '5.5', '3.8', '0.0', '12.8', '0.6'),
(34, 'Velouté potiron crème fraîche', '29.0', '0.9', '4.1', '2.4', '1.0', '0.6', '0.5'),
(35, 'Mon taboulé aux 5 légumes au jus de citron', '151.0', '5.6', '20.0', '2.9', '2.5', '3.9', '0.8'),
(36, 'KNORR Soupe Liquide Mouliné de Légumes Verts 1L', '27.0', '0.5', '4.8', '1.4', '1.1', '1.1', '0.7'),
(37, 'Knorr Soupe Liquide Mouliné de Légumes Verts Lot 2', '35.0', '0.5', '6.2', '1.6', '0.9', '1.1', '0.7'),
(38, 'Aubergines cuisinées à la provençale', '90.0', '6.0', '6.1', '6.0', '3.2', '1.2', '0.7'),
(39, 'Cassoulet', '114.0', '5.0', '8.9', '0.8', '0.0', '6.6', '1.0'),
(40, 'Knorr Soupe Liquide Velouté Potiron Crème Fraîche ', '38.0', '1.9', '3.9', '2.2', '0.9', '0.7', '0.7'),
(41, 'Knorr Soupe Liquide Mouliné de Légumes Variés du P', '27.0', '0.5', '4.2', '1.0', '1.0', '0.9', '0.6'),
(42, 'Knorr Soupe Liquide Bio Velouté de Légumes du Pota', '29.0', '0.8', '4.3', '1.3', '0.8', '0.7', '0.6'),
(43, 'Taboulé', '191.0', '8.2', '24.0', '2.6', '1.6', '4.4', '0.9'),
(44, 'Préparation pour tartes aux oignons', '124.0', '7.9', '9.9', '6.5', '2.8', '2.0', '0.6'),
(45, 'Le Cassoulet Mitonné', '115.0', '4.7', '8.9', '0.6', '0.0', '7.3', '0.8'),
(46, 'Le Cassoulet Mitonné', '115.0', '4.7', '8.9', '0.6', '3.8', '7.3', '0.8'),
(47, 'Tomapizza', '47.0', '1.4', '6.5', '4.8', '1.2', '1.5', '1.1'),
(48, 'Taboulé oriental, avec légumes', '212.0', '9.4', '27.0', '5.0', '1.7', '4.1', '1.0'),
(49, 'Légumes Pour Couscous', '33.0', '0.5', '5.1', '2.7', '2.0', '1.2', '0.6'),
(50, 'Galettes libanaises', '237.0', '13.0', '21.0', '0.9', '4.8', '6.7', '1.0'),
(51, 'Vegetarischer Linseneintopf', '69.0', '0.9', '11.0', '1.5', '1.8', '3.6', '1.0'),
(52, 'Potiron et Kiri', '38.0', '1.5', '5.1', '1.6', '0.8', '0.7', '0.7'),
(53, 'Les galettes BOULGOUR DE RIZ &LENTILLES LEGUMES & ', '226.0', '9.3', '26.0', '1.4', '6.9', '6.0', '1.2'),
(54, 'Velouté aux 8 légumes', '44.0', '2.1', '5.1', '1.8', '0.9', '0.6', '0.6'),
(55, '2 Crêpes au Maroilles', '0.0', '9.8', '15.9', '6.1', '1.3', '6.7', '1.0'),
(56, 'Knorr Soupe Douceur d\'Automne à la Crème Fraîche', '43.0', '1.8', '5.7', '2.3', '0.8', '0.6', '0.6'),
(57, 'veloute legumes bio', '36.0', '1.6', '4.1', '1.4', '1.4', '0.7', '0.5'),
(58, 'Soupe Dolce Vita', '19.0', '0.6', '2.3', '1.2', '1.1', '0.5', '0.3'),
(59, 'Salade traiteur Coleslaw', '113.0', '9.9', '3.8', '3.8', '2.9', '0.7', '0.9'),
(60, 'Betteraves rouges issues de l\'agriculture biologiq', '43.0', '0.1', '7.2', '6.7', '0.0', '2.3', '0.1'),
(61, 'velouté de champignons', '117.0', '6.5', '11.0', '2.8', '2.0', '2.5', '1.5'),
(62, 'Macédoine de légumes', '38.0', '0.5', '5.0', '1.1', '3.4', '2.1', '0.7'),
(63, 'Knorr Soupe Liquide Légumes du Potager 45cl', '54.0', '2.1', '7.5', '3.3', '1.0', '0.8', '0.7'),
(64, 'Knorr Soupe Liquide Tomates Pointe de Basilic 450m', '63.0', '3.6', '6.2', '4.6', '0.7', '1.1', '0.7'),
(65, 'Knorr Soupe Liquide Légumes du Pot-au-Feu 1L', '28.0', '0.7', '4.2', '1.3', '0.7', '0.7', '0.7'),
(66, 'Knorr Soupe Liquide Patate Douce, Carottes et From', '55.0', '1.9', '7.1', '2.5', '1.4', '1.1', '0.7'),
(67, 'Knorr Soupe Liquide Potiron Pointe de Muscade 450m', '41.0', '1.9', '4.7', '2.6', '1.0', '0.6', '0.7'),
(68, 'Marcel Bio soupe Provencale', '21.0', '0.7', '2.2', '2.0', '0.0', '0.8', '0.6'),
(69, 'Lentilles cuisinées façon sud ouest', '105.0', '3.9', '8.2', '0.5', '5.8', '6.4', '0.8'),
(70, 'Knorr Soupe Liquide Mouliné de Légumes Variés 1L', '26.0', '0.5', '4.0', '1.3', '1.0', '0.8', '0.7'),
(71, 'KNORR Soupe Liquide Tomates Mozzarella 2x1l', '168.0', '11.0', '15.0', '9.9', '1.0', '2.8', '1.6'),
(72, 'Knorr Soupe Liquide Velouté de 12 Légumes Fromage ', '44.0', '1.2', '6.7', '3.2', '0.9', '1.2', '0.7'),
(73, 'Sauce Pasta Napolitaine Bio', '42.0', '0.4', '7.1', '3.4', '0.0', '1.5', '1.1'),
(74, 'Couscous de mil bio du Sénégal', '675.0', '4.2', '76.0', '0.8', '7.2', '10.0', '0.0'),
(75, 'Soupe Rustique', '34.0', '0.8', '4.1', '1.4', '1.8', '1.6', '0.5'),
(76, 'Lentilles préparées', '72.0', '0.5', '10.0', '0.5', '3.2', '5.6', '0.7'),
(77, 'Sopa de tomate y albahaca', '35.0', '1.4', '4.5', '4.3', '1.0', '0.7', '0.4'),
(78, 'Knorr Soupe Liquide Douceur d\'Automne à la crème f', '38.0', '1.4', '5.4', '2.4', '0.8', '0.6', '0.7'),
(79, 'KNORR Soupe Liquide Douceur d\'Automne à la Crème F', '38.0', '1.4', '5.4', '2.4', '0.8', '0.6', '0.7'),
(80, 'KNORR Soupe Liquide Poule Vermicelles 1L', '27.0', '0.9', '3.2', '0.5', '0.5', '1.4', '0.6'),
(81, 'A table en côte d\'ArmorGalettes Bretonnes pommes d', '195.0', '9.8', '17.0', '0.5', '2.9', '8.1', '1.0'),
(82, 'A Table en côte d\'armor 2 Galettes bretonnes œuf, ', '178.0', '7.2', '16.0', '0.5', '2.0', '11.0', '1.3'),
(83, 'Falafel sans gluten', '137.0', '2.5', '17.7', '1.0', '5.4', '8.2', '0.8'),
(84, 'Mouliné 6 légumes verts', '38.0', '0.9', '5.8', '1.1', '0.6', '1.3', '0.6'),
(85, 'Mouliné légumes', '29.0', '0.7', '4.2', '1.5', '1.3', '0.8', '0.6'),
(86, 'Pasta Soup\' - Tomates et Vermicelles', '38.0', '0.6', '6.6', '3.4', '0.6', '1.1', '0.7'),
(87, 'Classic Cream of Tomato soup', '0.0', '2.3', '7.2', '5.1', '0.6', '0.9', '0.6'),
(88, 'Soldatens ärtsoppa', '142.0', '5.5', '11.0', '0.9', '4.6', '9.5', '1.4'),
(89, 'MAGGI Saveur à l\'Ancienne Velouté de légumes au Co', '0.0', '1.0', '6.0', '1.5', '0.6', '1.4', '0.7'),
(90, 'KNORR Soupe Liquide Bio Velouté de Légumes du Pota', '29.0', '0.8', '4.3', '1.3', '0.8', '0.7', '0.6'),
(91, 'Knorr Soupe Liquide Velouté de Poireaux Français 1', '34.0', '0.9', '5.4', '1.4', '0.7', '0.7', '0.6'),
(92, 'Velouté de carottes Françaises', '37.0', '1.4', '4.6', '1.6', '1.2', '0.8', '0.7'),
(93, 'Mouliné de légumes verts', '27.0', '0.5', '4.8', '1.4', '1.1', '1.1', '0.7'),
(94, 'Taboulé au petit épeautre', '157.0', '7.3', '18.0', '2.0', '2.3', '3.7', '0.6'),
(95, 'Ratatouille à la provençale', '71.0', '4.2', '6.0', '4.2', '2.2', '1.2', '0.6'),
(96, 'Berner Rösti', '123.0', '6.8', '12.0', '0.1', '1.9', '2.5', '0.9'),
(97, 'Cassoulet à la graisse de canard', '151.0', '8.3', '8.5', '0.8', '3.5', '8.8', '0.9'),
(98, 'Mouliné de Légumes Variés', '26.0', '0.5', '4.0', '1.3', '1.0', '0.8', '0.7'),
(99, 'Knorr Soupe Liquide Velouté de 9 Légumes Brique Br', '79.0', '1.4', '14.0', '4.9', '2.3', '1.5', '1.7'),
(100, 'Mouliné de Légumes Verts', '27.0', '0.5', '4.8', '1.4', '1.1', '1.1', '0.7'),
(101, 'KNORR Soupe Liquide Douceur de Légumes du Soleil 1', '32.0', '1.2', '4.3', '2.4', '0.7', '0.6', '0.7'),
(102, 'Knorr Soupe Bio Déshydratée Légumes du Potager 49g', '335.0', '3.6', '60.0', '26.0', '0.0', '11.0', '7.2'),
(103, 'Knorr Soupe Liquide Bio Mouliné de Potiron Carotte', '26.0', '0.8', '3.9', '1.8', '0.7', '0.5', '0.6'),
(104, 'Knorr Soupe Bio Légumes d\'Eté 1l', '57.0', '3.0', '6.1', '3.2', '0.8', '1.1', '0.7'),
(105, 'Knorr Soupe Vegan Légumes d\'Été Pois Chiches 450ml', '31.0', '0.5', '5.2', '2.2', '1.1', '1.2', '0.6'),
(106, 'Knorr Soupe Brocolis Quinoa Rouge Lait de Coco Bou', '36.0', '1.0', '4.5', '1.3', '1.5', '1.6', '0.5'),
(107, 'Super soupe légumes duo de lentilles', '43.0', '0.7', '6.0', '2.0', '1.9', '2.2', '0.6'),
(108, 'Knorr Soupe Déshydratée Tomates aux Vermicelles 67', '325.0', '2.2', '66.0', '17.0', '4.7', '7.7', '9.9'),
(109, 'Knorr Soupe Liquide Douceur de 8 Légumes à la Crèm', '44.0', '1.8', '6.1', '2.9', '0.8', '0.7', '0.7'),
(110, '37cl lentilles cuisinees aux carottes et oignons b', '78.0', '0.5', '11.0', '0.6', '3.1', '5.9', '0.7'),
(111, 'Gratin dauphinois', '123.0', '6.5', '12.0', '0.0', '1.2', '3.8', '0.8'),
(112, 'Taboulé', '211.0', '11.0', '22.0', '3.1', '2.4', '4.2', '0.5'),
(113, 'Mouliné de nos campagnes Légumes de France', '29.0', '0.9', '3.8', '1.5', '0.0', '0.8', '0.6'),
(114, 'Ratatouille bio', '63.0', '2.8', '7.2', '5.6', '2.1', '1.1', '0.6'),
(115, 'Riz & Soja Tikka Massala', '156.0', '4.3', '18.0', '2.0', '5.4', '8.6', '0.6'),
(116, 'Cassoulet de Castelnaudary', '130.0', '6.0', '8.0', '0.5', '0.0', '9.0', '0.7'),
(117, 'Velouté de légumes verts de France', '32.0', '1.2', '4.0', '0.7', '0.0', '0.8', '0.5'),
(118, 'RATATOUILLE PROVENÇALE', '54.0', '3.1', '4.5', '3.1', '2.3', '1.3', '0.4'),
(119, 'Couscous grain fin', '354.0', '1.9', '70.1', '3.0', '3.9', '12.3', '0.0'),
(120, 'Soupe de courge et lentilles corail aux épices dou', '25.0', '0.7', '3.2', '0.6', '0.0', '1.4', '0.6'),
(121, 'Choucroute', '33.0', '0.1', '5.6', '3.1', '2.4', '1.3', '1.9'),
(122, 'Mouliné de légumes anciens', '34.0', '0.7', '5.6', '1.7', '1.2', '0.7', '0.6'),
(123, 'Pizza Margherita', '238.0', '9.0', '27.0', '0.6', '1.6', '10.0', '1.2'),
(124, 'Washing Up Liquid', '246.0', '23.6', '5.9', '5.0', '0.0', '1.8', '0.9'),
(125, 'Vegetable soup', '41.0', '0.6', '6.9', '2.9', '0.0', '1.2', '0.5'),
(126, 'Taco Mixed Beans in a spicy tomato sauce', '88.0', '0.6', '13.1', '4.1', '5.0', '5.1', '0.4'),
(127, 'Lentilles cuisinés aux petits légumes', '76.0', '0.9', '9.4', '0.7', '3.5', '5.7', '0.7'),
(128, 'Restauration Préparation pour Taboulé', '114.0', '1.4', '20.0', '2.4', '1.8', '4.0', '0.8'),
(129, 'Velouté Légumes du soleil', '33.0', '1.5', '3.4', '2.2', '1.1', '0.9', '0.6'),
(130, 'Douceur de Tomates à la Crème Fraîche', '56.0', '2.3', '7.1', '4.3', '0.5', '1.5', '0.6'),
(131, 'Poivrons Piquillo Grillés', '30.0', '0.5', '5.4', '4.5', '1.4', '1.5', '0.5'),
(132, 'Couscous semoule Falafels courgettes carottes céle', '101.0', '2.5', '15.0', '1.8', '2.7', '3.5', '0.6'),
(133, 'Knorr Soupe Déshydratée Chorba Marocaine au Mouton', '308.0', '5.6', '51.0', '13.0', '4.6', '11.0', '6.7'),
(134, 'CROQ\'SOJA Curry et Pavot', '182.0', '10.0', '6.6', '1.9', '4.9', '14.0', '1.1'),
(135, 'Mini-gougères au fromage', '369.0', '25.0', '20.0', '0.5', '2.3', '14.0', '1.1'),
(136, 'KNORR Soupe Bio Mouliné de Tomates Oignons et Poin', '44.0', '1.7', '5.8', '3.7', '0.5', '0.9', '0.7'),
(137, 'Ma soupe thaie', '78.0', '1.0', '15.0', '1.1', '1.0', '1.7', '1.1'),
(138, 'Mouliné de légumes variés Bio Village', '29.0', '0.8', '4.4', '0.7', '0.7', '0.7', '0.6'),
(139, 'carottes râpées', '75.0', '4.5', '6.1', '5.4', '2.9', '1.0', '0.3'),
(140, 'Potiron', '0.0', '1.0', '5.2', '2.3', '0.8', '0.4', '0.8'),
(141, 'Délicatesse de butternut et lait de coco', '35.0', '1.1', '4.3', '3.1', '2.2', '0.9', '0.4'),
(142, 'Purée d\'épinards', '31.0', '0.0', '2.9', '0.0', '3.2', '2.4', '0.5'),
(143, 'Heinz Baked Beans No Added Sugar In Tomato Sauce', '66.0', '0.2', '9.5', '1.9', '3.6', '4.6', '0.4'),
(144, 'Et.2x30 Mouline Legumes Verts Bio La Potagere', '26.0', '1.2', '2.2', '2.0', '1.6', '0.9', '0.6'),
(145, 'Soupe 6 légumes Semoule', '70.0', '3.0', '7.2', '3.0', '1.2', '2.5', '0.3'),
(146, 'Gaspacho Bio', '37.0', '3.0', '1.5', '1.4', '0.0', '0.0', '0.4'),
(147, 'Schlemmertöpfchen mit Kräutern verfeinert', '61.0', '0.2', '12.0', '11.0', '1.3', '1.4', '2.3'),
(148, 'Gaspacho légumes 100 % bio', '39.0', '2.2', '3.1', '3.0', '1.6', '0.9', '0.6'),
(149, 'Velouté de légumes, saveurs du sud à la pointe d\'a', '28.0', '1.3', '2.5', '2.1', '1.3', '0.8', '0.5'),
(150, 'Sauce Tandoori', '95.0', '5.7', '10.0', '7.1', '1.0', '1.0', '0.7'),
(151, 'Country Garden', '36.0', '0.5', '6.7', '1.9', '0.8', '0.9', '0.6'),
(152, 'Cassoulet pur porc', '108.0', '4.6', '7.5', '1.5', '2.9', '7.6', '1.0'),
(153, 'Küchenbrüder Kürbissuppe Mit Kokos', '56.0', '2.6', '6.5', '2.1', '0.0', '1.0', '0.7'),
(154, 'Ratatouille provençale', '116.0', '9.5', '5.2', '3.1', '2.0', '1.1', '0.5'),
(155, 'Flammekueche Alsacienne', '201.0', '10.8', '19.5', '4.2', '0.0', '6.1', '0.9'),
(156, 'Ravioli Pur Bœuf', '90.0', '2.2', '13.0', '2.1', '0.0', '3.7', '1.1'),
(157, 'Couscous fin', '356.0', '1.1', '72.0', '2.1', '3.5', '13.0', '0.0'),
(158, 'Tomato & Basil Soup', '37.0', '1.4', '4.3', '4.1', '0.0', '1.4', '0.5'),
(159, 'La Pépite Sud Lover', '405.0', '17.0', '46.9', '8.8', '10.4', '12.7', '0.8'),
(160, 'Rösti', '106.0', '4.8', '13.0', '0.2', '2.0', '1.8', '1.0'),
(161, 'Choucroute garnie', '88.0', '6.3', '2.5', '0.0', '2.1', '4.3', '0.9'),
(162, 'Veggie curry', '49.0', '1.7', '6.0', '2.1', '0.0', '1.8', '0.1'),
(163, 'Lié big purSoup mouliné de 10 Légumes', '0.0', '1.2', '4.6', '1.4', '1.5', '0.9', '0.7'),
(164, 'Cassoulet', '125.0', '5.8', '8.1', '0.7', '4.0', '8.0', '0.8'),
(165, 'Ravioli pur boeuf', '88.0', '2.4', '12.0', '3.3', '1.7', '3.7', '0.7'),
(166, 'Velouté de Carottes', '0.0', '0.0', '0.0', '0.0', '0.0', '0.0', '0.0'),
(167, 'Legumes Kiri', '54.0', '2.7', '5.7', '2.3', '1.2', '1.0', '0.7'),
(168, 'Délice de Potiron Châtaigne', '34.0', '0.6', '5.2', '1.7', '1.0', '0.6', '0.7'),
(169, 'Velouté de légumes du soleil', '36.0', '1.5', '4.1', '2.7', '1.1', '0.9', '0.6'),
(170, 'Mouliné de 10 légumes', '0.0', '0.0', '0.0', '0.0', '0.0', '0.0', '0.0'),
(171, 'pur soup velouté de 10 légumes', '0.0', '0.0', '0.0', '0.0', '0.0', '0.0', '0.0'),
(172, 'Mouliné aux 8 Légumes', '35.0', '1.1', '4.6', '1.5', '1.2', '1.1', '0.6'),
(173, 'Lentilles du Sud-Ouest cuisinée au tofu fumé', '92.0', '1.7', '10.0', '0.5', '4.4', '7.0', '0.9'),
(174, 'Ravioli aux légumes', '91.0', '4.5', '10.2', '2.2', '1.4', '1.7', '1.0'),
(175, 'Gazpacho', '50.0', '3.6', '3.0', '2.3', '1.0', '0.8', '0.8'),
(176, 'Ravioli Végétariens', '72.0', '1.0', '12.0', '4.4', '3.7', '2.0', '0.8'),
(177, 'Couscous semi-complet', '356.0', '2.0', '71.0', '3.0', '5.0', '11.0', '0.0'),
(178, 'Couscous de legume à l’orientale', '28.0', '0.9', '6.2', '1.9', '2.4', '1.9', '0.7'),
(179, 'Potage aux légumes', '93.0', '2.3', '15.0', '3.5', '2.8', '2.3', '1.8'),
(180, 'Velouté de carottes et langoustines', '0.0', '1.9', '4.0', '1.5', '0.0', '0.8', '0.8'),
(181, 'Velouté aux Légumes & aux vermicelles', '37.0', '1.0', '5.2', '1.8', '1.4', '1.1', '0.6'),
(182, 'Couscous de légumes à l\'orientale', '28.0', '0.7', '3.3', '1.8', '1.6', '1.2', '0.6'),
(183, 'Velouté de Potiron & Crème', '37.0', '1.1', '2.3', '2.3', '1.3', '0.5', '0.6'),
(184, 'Potage au potiron', '39.0', '0.0', '7.1', '2.9', '0.0', '1.2', '0.1'),
(185, 'Brick 2X300ML Moulunee De Legumes Varies Grand Jur', '35.0', '1.1', '4.6', '1.5', '1.2', '1.1', '0.6'),
(186, 'Brick 2X300ML Veloute Poireau PDT Grand Jury', '28.0', '0.6', '4.3', '1.8', '0.0', '0.8', '0.6'),
(187, 'Velouté de 8 légumes', '44.0', '2.1', '5.3', '2.0', '0.0', '0.6', '0.6'),
(188, 'Gnocchi farcis à la truffe', '146.0', '1.6', '29.0', '1.2', '2.2', '2.9', '1.2'),
(189, 'Velouté de légumes du soleil', '44.0', '2.0', '4.5', '2.5', '2.0', '1.0', '0.5'),
(190, 'Jardin bio soupe veloutée', '25.0', '0.1', '4.8', '1.3', '1.0', '0.8', '0.8'),
(191, 'Soupe des indes', '55.0', '0.7', '7.6', '3.0', '2.7', '3.5', '1.3'),
(192, 'Tonno', '187.0', '5.0', '25.0', '8.5', '0.0', '9.4', '1.1'),
(193, 'Margherita', '204.0', '4.5', '33.2', '2.2', '1.7', '8.0', '1.0'),
(194, 'Pizza Margherita biologique', '189.0', '6.4', '22.9', '3.2', '2.6', '8.7', '1.4'),
(195, 'Pizza bûche de chèvre', '226.0', '8.1', '27.7', '4.9', '0.0', '9.3', '0.8'),
(196, 'Pizza margherita biologique', '189.0', '6.4', '22.9', '3.2', '2.6', '8.7', '1.4'),
(197, 'Salade de betteraves rouges à la moutarde à l\'anci', '72.0', '3.2', '8.0', '7.1', '2.6', '1.5', '0.9'),
(198, 'Velouté poireaux et pommes de terre', '36.0', '0.9', '5.6', '1.0', '1.0', '0.9', '0.5'),
(199, 'Knorr Soupe Liquide Velouté de Potiron à la Crème ', '31.0', '1.6', '3.2', '2.0', '0.9', '0.5', '0.7'),
(200, 'Knorr Soupe Liquide Bio Velouté de Carottes à la C', '31.0', '0.7', '5.1', '2.1', '0.9', '0.6', '0.7'),
(201, 'Knorr Les Classiques Soupe Liquide Asperges à la C', '31.0', '0.9', '4.7', '1.0', '0.5', '0.7', '0.7'),
(202, 'Betteraves rouges', '73.0', '4.0', '6.7', '6.5', '0.0', '1.2', '0.8'),
(203, 'Netto Veloute Carottes Coriandre', '35.0', '1.2', '4.6', '1.7', '1.5', '0.6', '0.7'),
(204, 'Ratatouille', '57.0', '3.0', '4.5', '4.3', '2.2', '1.8', '0.6'),
(205, 'Linsen Eintopf', '67.0', '1.1', '9.0', '1.7', '3.5', '3.4', '1.1'),
(206, 'Carottes à la crème', '33.0', '1.0', '5.0', '1.7', '0.8', '0.5', '0.7'),
(207, 'Légumes & fromage', '56.0', '2.9', '6.5', '1.8', '0.7', '0.7', '0.8'),
(208, 'Carottes rapées bio', '0.0', '0.1', '8.0', '8.0', '4.4', '0.5', '0.8'),
(209, 'Saucisses lentilles aux oignons & carottes', '110.0', '4.9', '7.9', '0.4', '2.6', '7.3', '0.0'),
(210, 'velouté de 10 légumes', '32.0', '0.8', '5.2', '1.5', '0.8', '0.7', '0.7'),
(211, 'Cassoulet au canard', '161.0', '9.0', '7.2', '0.7', '0.0', '11.0', '0.9'),
(212, 'Gratin Dauphinois et Jambon supérieur lentement gr', '149.0', '9.2', '12.0', '1.1', '0.9', '4.2', '0.7'),
(213, 'Tarte 3 Fromages 190g', '0.0', '16.0', '14.0', '1.7', '0.0', '11.0', '0.7'),
(214, 'Knorr Soupe Mouliné de Légumes Verts 1l', '30.0', '0.9', '4.4', '1.1', '1.1', '0.8', '0.8'),
(215, 'Ravioli Légumes sauce Toscane', '83.0', '1.7', '14.0', '2.6', '0.0', '2.4', '0.8'),
(216, 'Gratin dauphinois', '163.0', '10.7', '13.0', '2.4', '0.0', '3.0', '0.7'),
(217, 'Soupe à la Marocaine', '0.0', '0.0', '0.0', '0.0', '0.0', '0.0', '0.0'),
(218, 'Soupe Courgette - Estragon', '10.0', '6.2', '1.1', '1.1', '0.0', '0.7', '0.3'),
(219, 'Les soupes du Mont', '18.0', '0.6', '2.1', '1.8', '1.0', '0.7', '0.3'),
(220, 'Soupe fraîche de tomate et concombre à la menthe', '25.0', '0.0', '4.0', '3.8', '1.4', '1.1', '0.7'),
(221, 'Soupe de mai', '153.0', '1.2', '28.1', '0.8', '0.0', '7.3', '0.1'),
(222, 'Soupe fine de Lentilles au Thym', '50.0', '1.3', '7.3', '2.3', '0.0', '0.1', '0.6'),
(223, 'Velouté 5 légumes', '28.0', '0.9', '3.7', '2.4', '1.3', '0.5', '0.6'),
(224, 'Salmorejo à l\'huile d\'olive vierge extra', '105.0', '10.4', '1.2', '0.7', '0.0', '0.6', '0.7'),
(225, 'Gaspacho de tomates vertes', '49.0', '4.1', '2.1', '2.0', '0.8', '0.6', '0.6'),
(226, 'Gaspacho andalou au vinaigre de Xérès', '74.0', '6.7', '1.7', '1.5', '0.0', '0.6', '0.7'),
(227, 'Beanz', '81.0', '0.4', '15.5', '4.3', '3.9', '4.8', '0.6'),
(228, 'Velouté de poireaux et pommes de terre', '0.0', '0.4', '9.1', '0.4', '0.8', '1.2', '1.7'),
(229, 'Mouliné aux 8 légumes', '0.0', '2.9', '59.1', '6.4', '8.0', '7.6', '8.5'),
(230, 'Tendres carrés de blé - oignons, pomme de terre, e', '226.0', '9.3', '20.0', '2.3', '3.3', '14.0', '0.9'),
(231, 'Haricots blancs à la tomate', '76.0', '1.0', '9.8', '1.3', '4.9', '4.5', '0.7'),
(232, 'Cassoulet', '95.0', '3.4', '6.6', '2.2', '0.0', '8.0', '1.1'),
(233, 'Velouté légumes variés', '36.0', '1.0', '5.2', '2.3', '0.0', '0.9', '0.6'),
(234, 'Aubergines à la provençale bio', '48.0', '1.5', '6.3', '5.9', '0.0', '1.2', '0.7'),
(235, 'Velouté potiron et châtaigne', '44.0', '1.5', '6.5', '2.9', '1.0', '0.5', '0.5'),
(236, 'Velouté duo de courges muscade fromage frais bio', '0.0', '0.0', '0.0', '0.0', '0.0', '0.0', '0.0'),
(237, 'Velouté de légumes verts bio', '32.0', '1.3', '3.1', '1.6', '2.2', '0.9', '0.7'),
(238, 'Velouté de légumes du Sud', '45.0', '2.0', '4.5', '2.0', '1.5', '1.0', '0.6'),
(239, 'Ratatouille Provencale Bio', '92.0', '6.8', '5.6', '3.7', '2.0', '1.0', '0.7'),
(240, 'Couscous semi complet', '356.0', '2.0', '71.0', '3.0', '5.0', '11.0', '0.0'),
(241, 'Soupe tomates et vermicelles', '35.0', '0.9', '4.9', '1.9', '1.2', '1.2', '0.8'),
(242, 'Mouliné de 10 légumes', '37.0', '1.1', '5.4', '1.3', '1.2', '0.7', '0.7'),
(243, 'vermicelle', '361.0', '2.0', '72.0', '3.7', '3.6', '12.0', '0.0'),
(244, 'Mélange de légumes (brocoli, carotte, pomme de ter', '101.0', '5.5', '7.6', '3.5', '0.7', '4.7', '0.5'),
(245, 'CASSOULET', '113.0', '5.0', '8.2', '0.6', '3.7', '7.0', '1.0'),
(246, 'Soupe potager bio', '0.0', '2.1', '4.9', '0.9', '0.0', '0.5', '0.5'),
(247, 'Aubergines Cuisinées à la Provençale', '121.0', '8.5', '9.1', '6.1', '2.2', '1.0', '0.7'),
(248, 'Taboulé aux petits légumes', '339.0', '2.5', '61.9', '4.5', '9.1', '12.7', '2.2'),
(249, 'Saucisses aux Lentilles', '114.0', '5.6', '7.8', '1.2', '0.0', '6.7', '1.0'),
(250, 'Soupe aux vermicelles avec des carottes', '25.0', '0.2', '4.5', '0.6', '0.3', '0.9', '1.0'),
(251, 'Quick Soup Suprême Tomato aux Courgettes et au Par', '46.0', '1.2', '7.4', '3.5', '0.5', '1.1', '0.9'),
(252, 'Haricots blancs à la tomate', '0.0', '0.0', '9.5', '0.5', '7.2', '6.3', '1.0'),
(253, 'Tomates easy Soup', '0.0', '0.5', '10.0', '2.5', '0.5', '0.8', '0.9'),
(254, 'Mouline Legumes Variés', '33.0', '1.0', '4.5', '1.6', '0.0', '0.9', '0.6'),
(255, 'Minestrone Bon Chef', '48.0', '2.0', '4.5', '1.0', '3.0', '1.5', '0.9'),
(256, 'Velouté de carottes à la crème', '95.0', '8.3', '3.7', '2.0', '0.0', '1.0', '0.7'),
(257, 'Mes potages Bio 6 Légumes', '25.0', '0.7', '3.5', '1.0', '1.2', '0.6', '0.6'),
(258, 'Ravioli végétariens', '94.0', '3.1', '13.0', '3.9', '1.7', '2.3', '1.0'),
(259, 'Velouté carottes et potiron', '30.0', '0.9', '4.4', '1.4', '0.0', '0.6', '0.5'),
(260, 'L\'aligot de l\'Aubrac', '180.0', '13.0', '8.3', '0.5', '0.0', '7.5', '0.8'),
(261, 'Soupe Courgettes, Amandes & Pois Cassés', '20.0', '0.7', '1.8', '1.0', '0.0', '1.0', '0.4'),
(262, 'Velouté poireaux pomme de terre', '32.0', '0.6', '5.6', '0.8', '0.0', '0.5', '0.6'),
(263, 'Velouté de carottes à la crème fraîche', '37.0', '1.3', '5.2', '2.5', '1.0', '0.6', '0.7'),
(264, 'Couscous', '348.0', '2.0', '70.0', '2.5', '3.0', '11.0', '0.0'),
(265, 'Poivrons Piquillo Grillés', '43.0', '0.0', '8.3', '7.3', '1.2', '0.9', '0.5'),
(266, 'Velouté 7 Légumes Bio', '33.0', '1.0', '4.3', '1.4', '1.7', '0.8', '0.6'),
(267, 'Couscous grain moyen', '0.0', '1.3', '71.8', '2.2', '0.0', '12.9', '0.0'),
(268, 'Velouté de Poireaux Pommes de Terre', '36.0', '0.9', '5.6', '1.0', '1.0', '0.9', '0.5'),
(269, 'Salade de Taboulé à la libanaise', '171.0', '7.9', '19.0', '1.5', '4.0', '4.1', '1.2'),
(270, 'Gaspacho tomate basilic 25cl', '137.0', '2.1', '2.2', '1.7', '1.1', '0.7', '73.1'),
(271, '265g macedoine', '38.0', '0.3', '5.0', '1.1', '3.4', '2.1', '0.7'),
(272, 'Cassoulet pur porc', '121.0', '5.3', '8.7', '0.5', '0.0', '7.8', '1.2'),
(273, 'Betteraves rouges bio', '67.0', '4.2', '5.0', '4.9', '2.5', '1.2', '0.9'),
(274, 'COUSCOUS Complet 500 mg', '360.0', '2.0', '70.0', '3.0', '6.0', '13.0', '0.0'),
(275, 'Couscous', '342.0', '3.1', '62.1', '5.2', '10.2', '11.2', '0.9'),
(276, 'Taboulé', '357.0', '3.2', '66.7', '2.6', '4.9', '12.8', '0.7'),
(277, 'Soupe veloutée potiron châtaigne', '42.0', '0.9', '7.3', '1.4', '1.1', '0.7', '0.5'),
(278, 'Velouté Artichaut Détox', '17.0', '0.1', '2.4', '1.3', '1.8', '0.6', '0.3'),
(279, 'Couscous, grain fin', '354.0', '1.9', '70.1', '3.0', '3.9', '12.3', '0.0'),
(280, 'Haricots blancs à la tomate', '85.0', '0.4', '11.7', '0.7', '5.7', '5.7', '0.9'),
(281, 'Poêlée de Printemps', '46.0', '1.7', '5.1', '3.5', '2.4', '1.4', '0.4'),
(282, 'Macédoine de légumes', '43.0', '0.5', '6.7', '1.1', '2.5', '2.1', '0.7'),
(283, 'Macédoine de légumes bio', '43.0', '0.5', '6.7', '1.1', '2.5', '2.1', '0.7'),
(284, 'Velouté carottes et crème', '34.0', '1.0', '4.8', '1.8', '1.5', '0.6', '0.7'),
(285, 'Potage St-eloi Légumes / Emmental', '31.0', '0.7', '4.6', '1.6', '0.8', '1.0', '0.7'),
(286, 'Velouté Carotte Potiron Patate Douce à la Crème fr', '41.0', '1.4', '6.0', '2.0', '0.0', '0.7', '0.6'),
(287, 'Velouté  poireaux pommes de terre', '0.0', '0.9', '5.6', '1.0', '1.0', '0.9', '0.5'),
(288, 'Pois cassés', '335.0', '2.2', '52.1', '2.8', '9.1', '22.1', '0.0'),
(289, 'Velouté poireaux pomme de terre', '36.0', '0.9', '5.6', '1.0', '1.0', '0.9', '0.5'),
(290, 'Macedonia de verduras', '46.0', '0.3', '8.2', '0.9', '0.0', '2.0', '0.7'),
(291, 'Gnocchis au chèvre et aux épinards et à la sauce t', '156.0', '4.9', '22.0', '5.6', '1.9', '5.6', '0.7'),
(292, 'Knorr Soupe Liquide Douceur d\'Automne à la Crème F', '38.0', '1.4', '5.4', '2.4', '0.8', '0.6', '0.7'),
(293, 'Ratatouille à la provençale', '65.0', '4.4', '3.6', '3.6', '1.1', '1.4', '1.0'),
(294, 'Winzi Weenies', '269.0', '14.6', '3.7', '0.4', '0.0', '30.6', '1.7'),
(295, 'Taboulé Oriental Menthe et Huile d\'Olive vierge ex', '178.0', '6.0', '25.0', '4.0', '2.0', '5.0', '1.0'),
(296, 'Velouté de légumes à la crème aromatisé', '70.0', '4.4', '5.9', '1.9', '1.1', '1.1', '0.6'),
(297, 'Lentilles', '85.0', '0.5', '12.0', '0.5', '4.0', '6.3', '0.6'),
(298, 'Un bon produit pour vous', '0.0', '0.5', '4.0', '0.5', '3.0', '1.0', '0.4'),
(299, 'Crêpes Jambon fromage', '0.0', '5.8', '18.0', '4.4', '0.0', '5.9', '1.2'),
(300, 'Giraudet Soupe Lentille Corail Curry Bio 50Cl', '78.0', '2.2', '10.7', '0.8', '0.0', '4.5', '0.6'),
(301, 'Légumes à la Provençale et Pointe d\'Origan', '36.0', '1.2', '5.0', '2.6', '1.0', '0.7', '0.6'),
(302, 'Fine ratatouille au thon fumé', '112.0', '8.9', '7.0', '3.6', '0.0', '5.1', '1.1'),
(303, 'Mon Taboulé oriental', '174.0', '6.2', '24.0', '6.0', '2.3', '4.5', '0.9'),
(304, 'Haricots blancs à la sauce tomate', '92.0', '0.0', '14.0', '4.1', '0.0', '5.6', '1.0'),
(305, 'Ratatouille à la Catalane', '92.0', '7.2', '5.3', '5.2', '0.0', '1.5', '0.5'),
(306, 'Lentilles', '85.0', '0.5', '12.0', '0.5', '3.8', '6.3', '0.6'),
(307, 'Sandwich au saumon', '0.0', '9.0', '24.0', '2.5', '2.0', '12.0', '2.1'),
(308, 'Couscous', '355.0', '1.9', '70.0', '4.5', '3.0', '13.0', '0.0'),
(309, 'Velouté tomates basilic bio', '36.0', '1.0', '5.0', '3.2', '1.5', '1.0', '0.6'),
(310, 'Ravioli au tofu, tomates, basilic', '111.0', '3.1', '15.0', '2.9', '3.8', '3.8', '0.7'),
(311, 'Saucisses de Volaille aux Lentilles', '84.0', '2.4', '8.3', '0.5', '0.0', '7.2', '0.9'),
(312, 'Poêlée de champignons cuisinés', '72.0', '5.4', '3.1', '0.7', '2.0', '1.5', '0.5'),
(313, 'Purée nature', '394.0', '0.9', '84.0', '0.5', '8.9', '8.0', '0.0'),
(314, 'La Poêlée Champêtre', '41.0', '0.6', '5.3', '2.4', '3.2', '2.1', '0.3'),
(315, 'Crispeas - Saveur Crème Oingon🧅', '106.0', '3.0', '14.0', '0.7', '1.9', '4.5', '0.5'),
(316, 'Lasagnes aux légumes', '113.0', '3.6', '14.0', '4.5', '2.3', '5.2', '0.6'),
(317, 'Ratatouille cuisinée huile d olive vierge', '52.0', '2.4', '5.3', '5.0', '2.4', '1.2', '1.0'),
(318, '58cl lentil. cuis. bio', '78.0', '0.5', '11.0', '0.6', '3.1', '5.9', '0.7'),
(319, 'Carottes râpées Au jus de citron*', '97.0', '7.3', '5.7', '5.0', '2.6', '0.8', '0.8'),
(320, '2 galettes au sarrasin champignon jambon emmental', '146.0', '5.3', '16.0', '1.6', '1.5', '7.6', '0.8'),
(321, 'Haricots blancs cuisinés à la graisse d\'oie', '115.0', '4.3', '12.0', '0.6', '4.7', '4.7', '0.8'),
(322, 'Gaspacho original', '42.0', '2.8', '2.8', '2.7', '1.0', '0.7', '0.8'),
(323, 'ratatouille', '0.0', '3.0', '7.0', '3.0', '3.0', '1.0', '1.0'),
(324, 'Les lentilles', '70.0', '0.0', '9.8', '0.3', '3.4', '6.0', '0.8'),
(325, 'Gratin de légumes', '98.0', '6.5', '4.5', '1.1', '1.8', '4.5', '0.6'),
(326, 'Chunky lentils & bacon soup', '51.0', '0.6', '7.2', '1.8', '1.8', '3.3', '0.6'),
(327, 'Salade de carottes râpées', '75.0', '4.7', '6.0', '6.0', '2.6', '0.9', '0.7'),
(328, 'Mousseline de Ratatouille 2x200g', '53.0', '1.9', '7.0', '1.8', '1.5', '1.1', '0.0'),
(329, 'Mouliné de 10 légumes', '37.0', '1.1', '5.4', '1.3', '1.2', '0.7', '0.7'),
(330, 'Lasagne de veau à la basquaise', '135.0', '5.3', '11.0', '3.1', '0.0', '10.0', '0.6'),
(331, 'Essential Waitrose Baked Beans In Tomato Sauce', '87.0', '0.5', '13.7', '4.0', '4.2', '5.1', '0.5'),
(332, 'Velouté de légumes et vermicelles', '29.0', '1.0', '3.5', '1.6', '1.1', '0.9', '0.6'),
(333, 'Couscous curry Coco', '139.0', '2.2', '22.0', '3.3', '2.6', '6.6', '1.2'),
(334, 'Régal de légumes verts Bio', '25.0', '1.0', '2.5', '1.0', '1.5', '1.0', '0.2'),
(335, 'Salade coleslaw', '104.0', '7.6', '6.6', '5.9', '2.2', '1.3', '0.9'),
(336, 'Haricots blancs tomate', '0.0', '0.5', '12.0', '1.2', '5.1', '4.9', '0.9'),
(337, '750g ratatouille', '44.0', '1.9', '4.5', '3.1', '2.3', '1.2', '0.6'),
(338, 'coleslaw', '125.0', '10.0', '6.5', '5.5', '2.5', '1.0', '0.6'),
(339, 'Ratatouille Provençale', '55.0', '2.5', '4.5', '1.2', '0.0', '1.5', '0.0'),
(340, 'Knorr Comme à La Maison Soupe Liquide Courgette Ri', '56.0', '2.6', '6.4', '2.1', '0.6', '1.6', '0.7'),
(341, 'Bontà d\'italia pizza margherita', '236.0', '8.8', '31.0', '1.9', '4.0', '6.7', '1.1'),
(342, 'Haricots blancs à la tomate', '78.0', '0.8', '9.7', '0.5', '6.7', '5.5', '0.6'),
(343, 'Poivrons Grillés Pour Bruschetta', '310.0', '33.2', '1.4', '1.2', '6.7', '0.6', '1.3'),
(344, 'Velouté à la Carotte et au Potiron', '32.0', '0.6', '5.2', '1.6', '1.1', '1.0', '0.5'),
(345, 'La Costeña Frijoles Bayos Enteros LT X400G []', '60.0', '1.0', '14.0', '0.0', '4.0', '4.0', '675.0'),
(346, 'Mini gratins pomme de terre et épinard crème fraîc', '118.0', '6.5', '9.7', '2.9', '1.3', '4.4', '0.5'),
(347, 'Purée de carottes, potimarrons et courges butternu', '37.0', '0.6', '5.7', '4.3', '2.6', '0.9', '0.0'),
(348, 'Velouté de potiron', '32.0', '1.8', '2.8', '1.8', '0.7', '0.7', '0.6'),
(349, 'Betteraves rouges – cuites à la vapeur', '44.0', '0.5', '7.2', '6.7', '2.3', '2.3', '0.1'),
(350, 'Préparation pour Aligot d\'Auvergne', '479.0', '25.0', '37.0', '0.5', '4.1', '25.0', '3.2'),
(351, 'Couscous de maïs sans gluten', '355.0', '2.3', '75.0', '0.5', '2.7', '6.9', '0.0'),
(352, 'Lentilles', '84.0', '0.5', '12.0', '0.5', '3.8', '6.3', '0.6'),
(353, 'Cassoulet Toulousain cuisiné à la graisse d\'oie', '133.0', '6.8', '7.8', '0.7', '3.7', '8.2', '0.7'),
(354, 'Cassoulet Toulousain cuisiné à la graisse d\'oie', '133.0', '6.8', '7.8', '0.7', '3.7', '8.2', '0.7'),
(355, 'Lentilles', '84.0', '0.5', '12.0', '0.5', '3.8', '6.3', '0.6'),
(356, 'Ratatouille', '62.0', '3.7', '4.6', '4.5', '2.7', '1.2', '0.9'),
(357, 'RAVIOLI Sauce Bolognaise', '97.0', '3.5', '11.0', '2.0', '1.6', '4.5', '0.8'),
(358, 'Cassoulet', '111.0', '4.5', '7.9', '0.7', '3.8', '7.8', '0.8'),
(359, 'Poivrons rouges', '17.0', '0.5', '2.7', '2.7', '1.7', '0.8', '0.7'),
(360, 'Ravioli pur boeuf', '84.0', '1.7', '13.0', '3.0', '1.7', '3.7', '0.8'),
(361, 'Mini gratins dauphinois BIO', '141.0', '8.1', '12.0', '2.4', '1.6', '3.9', '0.7'),
(362, 'Macédoine de légumes', '44.0', '0.5', '5.5', '1.3', '3.5', '2.5', '0.5'),
(363, 'Macédoine de légumes', '44.0', '0.5', '5.5', '1.3', '3.5', '2.5', '0.5'),
(364, 'Velouté de poireaux et de pommes de terre', '38.0', '1.4', '5.4', '1.0', '0.7', '0.7', '0.5'),
(365, 'Purée de céleris cuisinée', '51.0', '2.3', '5.2', '0.8', '2.9', '1.0', '0.6'),
(366, 'Macédoine de légumes', '44.0', '0.5', '5.5', '1.3', '3.5', '2.5', '0.5'),
(367, 'Gazpacho Flash pasteurisé', '39.0', '2.5', '2.8', '2.8', '1.4', '0.6', '1.0'),
(368, 'Soupe tomate Cambell\'s', '88.0', '1.2', '17.6', '12.8', '1.6', '1.6', '1.5'),
(369, 'Taco Bell Refried Beans Original', '130.0', '1.5', '21.0', '1.0', '5.0', '7.0', '1000.0'),
(370, 'Couscous Grain Moyen', '351.0', '1.7', '70.2', '2.4', '3.8', '11.8', '0.0'),
(371, 'Purée nature', '73.0', '1.0', '74.0', '0.8', '7.7', '7.7', '0.1'),
(372, 'Flammekueche d\'Alsace', '241.0', '11.0', '28.0', '3.8', '2.0', '7.1', '1.4'),
(373, 'Ratatouille', '50.0', '2.5', '4.9', '3.4', '2.0', '1.0', '0.8'),
(374, 'Ratatouille cuisinée', '50.0', '2.5', '4.9', '3.4', '2.0', '1.0', '0.8'),
(375, 'Gazpacho bio', '36.0', '3.0', '1.5', '1.4', '0.0', '0.5', '0.4'),
(376, 'Gratin de courgettes', '136.0', '11.0', '5.8', '2.7', '0.6', '3.2', '0.8'),
(377, 'Velouté de tomates', '42.0', '0.7', '7.0', '0.8', '1.5', '1.1', '0.6'),
(378, 'Ratatouille', '71.0', '4.9', '4.0', '4.0', '0.0', '1.1', '1.0'),
(379, 'Cassoulet au confit de canard', '0.0', '0.0', '0.0', '0.0', '0.0', '0.0', '0.0'),
(380, 'Mogettes de Vendée', '74.0', '0.5', '8.6', '0.5', '0.0', '6.5', '0.6'),
(381, 'Bio Velouté de Légumes du soleil', '39.0', '1.7', '4.6', '1.9', '0.8', '1.0', '0.6'),
(382, 'Soupe aux patates douces bio', '64.0', '1.6', '12.0', '2.4', '8.0', '3.2', '0.3'),
(383, 'Lentilles préparées', '72.0', '0.5', '10.0', '0.5', '3.2', '5.6', '0.8'),
(384, 'Taboulé Poivrons, menthe, citron', '346.0', '2.1', '65.9', '5.8', '6.8', '12.2', '1.2'),
(385, 'Mouliné 8 Légumes Variés', '31.0', '0.7', '4.9', '1.0', '0.9', '0.6', '0.6'),
(386, 'La verte soupe froide', '20.0', '1.1', '2.4', '1.0', '0.0', '0.5', '0.7'),
(387, 'L\'essentiel - gazpacho légumes du soleil', '52.0', '3.6', '3.7', '3.5', '1.2', '0.8', '0.5'),
(388, 'Lentilles cuisinées aux petits légumes', '76.0', '0.9', '9.4', '0.7', '3.5', '5.7', '0.7'),
(389, 'Knorr Soupe Liquide Velouté de 9 Légumes Lot 2x1L', '48.0', '1.9', '6.3', '2.1', '0.9', '0.6', '0.7'),
(390, 'Risotto a La Mariniere', '340.0', '1.6', '71.0', '1.2', '3.1', '8.7', '1.8'),
(391, 'Ravioli pur bœuf', '84.0', '2.1', '12.0', '1.9', '1.1', '3.7', '0.9'),
(392, 'Couscous de légumes à l\'orientale', '27.0', '0.0', '3.5', '1.7', '1.6', '1.2', '0.4'),
(393, 'Pain croustillant Volkoren', '330.0', '2.0', '58.0', '1.5', '20.0', '10.0', '1.3'),
(394, 'Le Cassoulet à la Crèole', '114.0', '4.7', '8.9', '0.6', '0.0', '7.3', '0.8'),
(395, 'Soupe Tomates Méditerranéennes Vermicelles', '36.0', '0.7', '6.1', '3.2', '0.5', '1.1', '0.7'),
(396, 'Couscous moyen', '353.0', '1.8', '69.0', '2.4', '4.1', '13.0', '0.0'),
(397, 'Purée nature', '394.0', '0.9', '84.0', '0.5', '8.9', '8.0', '0.0'),
(398, 'Antipasti', '0.0', '5.2', '3.4', '2.9', '2.5', '0.9', '1.7'),
(399, 'Poivrons del Piquillo Farcis à la Morue', '79.0', '2.6', '10.6', '2.9', '0.0', '3.5', '0.4'),
(400, 'Carottes râpées', '82.0', '5.6', '5.6', '5.2', '2.8', '0.9', '0.3'),
(401, 'Poivrons farcis câpres et anchois', '0.0', '0.0', '0.0', '0.0', '0.0', '0.0', '0.0'),
(402, 'Poivrons rouges grillés', '18.0', '0.0', '3.1', '3.0', '1.3', '0.7', '0.6'),
(403, 'Blé riz et quinoa rouge façon teriyaki', '192.0', '4.3', '32.2', '6.2', '2.8', '4.8', '0.8'),
(404, 'Concombre assaisonné au fromage blanc et ciboulett', '73.0', '6.3', '2.4', '1.7', '1.0', '1.2', '1.1'),
(405, 'Risotto Tartufo', '342.0', '1.8', '73.0', '0.8', '2.5', '7.3', '1.9'),
(406, 'Pois chiches, graines de courge & touche de romari', '134.0', '1.9', '18.0', '1.3', '4.4', '8.9', '0.6'),
(407, 'Carottes râpées', '72.0', '4.5', '5.7', '4.1', '3.7', '0.7', '0.7'),
(408, 'Chou blanc lacto-fermenté bio', '11.0', '0.0', '0.7', '0.3', '3.4', '0.4', '0.7'),
(409, 'Mouliné de légumes variés', '36.0', '1.0', '5.7', '0.7', '0.5', '0.8', '0.8'),
(410, 'Red Peppers Roasted', '58.0', '2.3', '7.5', '6.5', '0.0', '0.9', '1.4'),
(411, 'Couscous grain moyen', '351.0', '1.7', '70.2', '2.4', '3.8', '11.8', '0.0'),
(412, 'Gazpacho à l\'Andalouse', '27.0', '1.3', '2.6', '2.2', '0.8', '0.7', '0.7'),
(413, 'Frühlingsrollen', '134.0', '4.1', '17.6', '2.7', '0.0', '5.4', '1.0'),
(414, 'Duo de poivrons rouge et jaune grillés et pelés', '25.0', '0.0', '4.3', '3.1', '1.2', '0.6', '0.6'),
(415, 'Ravioli', '98.0', '3.6', '11.0', '2.0', '15.0', '4.5', '0.8'),
(416, 'Ravioli aux Légumes Bio', '80.0', '2.3', '13.0', '3.0', '0.0', '2.1', '0.7'),
(417, 'Velouté de Poireaux Pommes de Terre', '27.0', '0.4', '4.3', '1.0', '1.5', '0.9', '0.7'),
(418, 'Velouté de legumes au parmesan Bio', '0.0', '1.0', '5.0', '1.5', '1.1', '1.0', '0.6'),
(419, 'Velouté d\'asperge', '32.0', '1.7', '4.0', '0.5', '0.0', '0.5', '0.7'),
(420, 'Soupe 5 légumes', '22.0', '0.1', '3.9', '1.4', '1.1', '0.7', '0.6'),
(421, 'Soupes Poireaux & Pommes de Terre', '46.0', '2.3', '5.2', '1.4', '1.0', '1.1', '0.5'),
(422, 'KINDER Joy Pot Au Chocolat', '112.0', '3.6', '18.0', '14.0', '0.0', '1.8', '0.1'),
(423, 'Velouté de carottes et lentilles corail à la crème', '43.0', '1.3', '4.7', '0.9', '1.9', '2.1', '0.6'),
(424, 'Velouté Courgettes au Basilic', '9.0', '1.7', '2.1', '0.9', '1.1', '0.7', '0.6'),
(425, 'Velouté Potiron & Carottes', '37.0', '1.3', '5.1', '1.4', '1.1', '0.6', '0.6'),
(426, 'Mini gratins de choux-fleurs à l\'emmental', '87.0', '4.5', '8.1', '3.0', '1.5', '2.9', '0.6'),
(427, 'Pizza margarita pâte traditionnelle', '185.0', '4.3', '31.3', '2.4', '2.0', '4.3', '1.3'),
(428, 'Gazpacho', '34.0', '1.8', '3.4', '3.4', '0.0', '0.7', '0.8'),
(429, 'Velouté de légumes verts', '34.0', '0.6', '4.4', '1.5', '0.9', '0.9', '0.7'),
(430, 'Velouté 7 légumes', '31.0', '1.0', '4.0', '1.2', '1.7', '0.7', '0.6'),
(431, 'Velouté de potiron et chataignes', '39.0', '1.5', '5.0', '2.7', '1.6', '0.6', '0.5'),
(432, 'Soupe de courge', '0.0', '1.5', '4.0', '2.0', '1.5', '1.5', '0.9'),
(433, 'Velouté de potiron et courge Butternut', '34.0', '0.9', '5.3', '1.4', '1.2', '0.5', '0.5'),
(434, 'Velouté à la Tomate', '35.0', '0.5', '6.4', '3.2', '0.9', '0.7', '0.6'),
(435, 'Velouté de 7 légumes Bio', '33.0', '1.0', '4.3', '1.4', '1.7', '0.8', '0.6'),
(436, 'Velouté de légumes saveur du Sud', '32.0', '1.5', '3.5', '2.6', '1.2', '0.6', '0.6'),
(437, 'Velouté aux Poireaux & pommes de terre', '27.0', '0.6', '4.3', '1.8', '0.9', '0.8', '0.6'),
(438, 'P\'tit Velouté Légumes au Fromage fondu', '0.0', '2.5', '5.2', '0.3', '0.7', '1.5', '0.5'),
(439, 'Velouté de poireaux et pommes de terre à la crème', '30.0', '0.9', '4.1', '1.0', '0.9', '0.9', '0.6'),
(440, 'Mouliné de légumes variés', '29.0', '0.7', '4.2', '1.5', '1.3', '0.8', '0.6'),
(441, 'Velouté de tomates', '36.0', '0.8', '6.0', '3.4', '0.8', '0.7', '0.5'),
(442, 'Mouliné de légumes verts', '0.0', '1.0', '2.5', '0.0', '0.5', '1.0', '0.6'),
(443, 'Soupe de légumes verts aux lentilles et Tamari', '0.0', '1.2', '3.7', '1.0', '0.5', '1.6', '0.6'),
(444, 'Gazpacho tomate basilic menthe', '28.0', '1.4', '2.5', '2.4', '1.1', '0.8', '0.5'),
(445, 'Velouté aux 10 légumes variés', '45.0', '1.4', '6.8', '2.3', '0.9', '0.8', '0.6'),
(446, 'Velouté Potiron', '40.0', '1.3', '6.0', '1.8', '0.9', '0.7', '0.6'),
(447, 'Poêlée cuisinée à la forestière', '229.0', '11.0', '25.0', '1.0', '4.7', '4.6', '0.5'),
(448, 'Bio légumes du soleil', '35.0', '1.7', '3.7', '1.4', '0.8', '0.9', '0.7'),
(449, 'Tortellini Ricotta & Épinards', '255.0', '8.0', '35.5', '5.5', '9.0', '9.0', '1.3'),
(450, 'Taboule de quinoa menthe citron', '333.0', '2.3', '64.3', '2.4', '0.0', '12.3', '0.0'),
(451, 'Soupe Thaï', '33.0', '1.5', '3.0', '2.5', '1.8', '1.2', '0.6'),
(452, 'Knorr dcr 8 legumes 1l', '44.0', '1.8', '6.1', '2.9', '0.8', '0.7', '0.7'),
(453, 'Cream Of Tomato Soup', '56.0', '2.5', '6.0', '5.2', '0.7', '1.9', '0.4'),
(454, 'Pizza Verdure', '202.0', '5.2', '31.0', '5.6', '1.5', '7.0', '1.0'),
(455, 'Bio Margherita Pizza', '251.0', '11.0', '26.0', '2.1', '2.4', '11.0', '1.4'),
(456, 'Pur Soup \' Velouté de 10 Légumes', '46.0', '2.1', '5.5', '2.5', '0.9', '0.8', '0.8'),
(457, 'Soupe de Tomates et Vermicelles', '44.0', '0.7', '7.5', '2.0', '1.1', '1.3', '0.7'),
(458, 'Mouliné de légumes verts bio', '0.0', '1.2', '2.2', '2.0', '1.6', '0.9', '0.6'),
(459, 'Velouté de Carottes & Crème Fraiche', '31.0', '1.1', '3.7', '1.5', '1.4', '0.9', '0.7'),
(460, 'Velouté gourmand Carottes Lentilles Corail BIO', '39.0', '1.0', '4.4', '1.5', '1.5', '2.1', '0.6'),
(461, 'Mouliné légumes variés', '38.0', '0.9', '6.2', '1.1', '0.7', '0.8', '0.7'),
(462, 'Mouliné de Saison Jardin d\'Automne Légumes de Fran', '30.0', '2.0', '3.0', '0.3', '1.1', '0.7', '0.6'),
(463, 'Ratatouille', '63.0', '2.8', '7.2', '5.6', '2.1', '1.1', '0.6'),
(464, 'Tamari', '110.0', '1.8', '17.3', '5.4', '0.0', '3.9', '0.5'),
(465, 'Soupe Thaï', '28.0', '1.3', '2.0', '1.4', '1.5', '1.3', '0.6'),
(466, 'Légumes  et vermicelles', '35.0', '1.1', '4.6', '1.2', '1.1', '1.1', '0.7'),
(467, 'PurSoup\' Velouté de Légumes du Soleil', '41.0', '1.7', '4.8', '2.5', '1.0', '0.9', '0.7'),
(468, 'Beanz', '82.0', '0.2', '13.2', '5.4', '3.8', '4.9', '0.6'),
(469, 'Mini bretzels à l\'épeautre', '411.0', '9.5', '66.0', '1.2', '4.6', '13.0', '4.7'),
(470, '10 Crêpes Jambon Emmental', '127.0', '2.8', '18.0', '2.6', '1.6', '6.8', '0.8'),
(471, 'Taboulé oriental Pointe de menthe', '179.0', '6.7', '24.0', '4.9', '2.3', '4.4', '0.8'),
(472, 'Pizza Margherita', '261.0', '9.4', '32.0', '1.5', '2.6', '10.0', '1.6'),
(473, 'Cassoulet supérieur de canard et saucisse de Toulo', '121.0', '3.9', '8.6', '0.5', '3.1', '11.4', '0.8'),
(474, 'Velouté Potiron', '40.0', '1.3', '6.0', '1.8', '0.9', '0.7', '0.6'),
(475, 'Galette végétale blé et lupin aubergine cuisinée', '210.0', '8.5', '12.0', '4.8', '5.5', '18.5', '1.1'),
(476, 'Soupe Carottes Façon Thaï', '40.0', '1.9', '4.4', '1.9', '0.0', '0.8', '0.7'),
(477, 'Lentilles cuisinées à l\'Auvergnate', '111.0', '3.6', '11.0', '1.2', '3.6', '6.6', '0.8'),
(478, 'Velouté de tomates', '36.0', '0.6', '6.5', '3.4', '0.5', '0.9', '0.6'),
(479, 'Pur Soup\' - Velouté de légumes du soleil', '41.0', '1.7', '4.8', '2.9', '1.0', '0.9', '0.7'),
(480, 'Velouté courgettes ricotta et fines herbes bio', '41.0', '1.9', '4.0', '1.1', '0.0', '1.5', '0.7'),
(481, 'Macédoine de légumes', '39.0', '0.3', '4.9', '0.8', '3.7', '2.2', '0.8'),
(482, 'Velouté De Potiron Et Potimarron', '30.0', '1.1', '4.0', '1.5', '0.0', '0.5', '0.8'),
(483, 'Velouté de Potiron, Chanterelles et patate douce', '0.0', '8.0', '18.0', '5.0', '2.5', '4.0', '2.2'),
(484, '250g HARICOTS BLANCS A LA TOMATE D AUCY', '79.0', '1.0', '10.0', '1.0', '5.0', '4.9', '0.6'),
(485, 'Soupe panais pomme noisette', '75.0', '4.7', '6.2', '2.2', '1.6', '1.1', '0.6'),
(486, 'Potage gourmand tomates, oignons et basilic', '0.0', '0.5', '5.5', '3.4', '1.0', '1.3', '0.7'),
(487, 'Couscous Kamut', '337.0', '2.1', '62.0', '2.1', '8.3', '14.0', '0.0'),
(488, 'Rosti Original - Pommes De Terre Prêtes à Poêler', '119.0', '4.0', '18.0', '0.5', '0.0', '2.0', '0.9'),
(489, 'Ma recette façon Cassoulet 100 % volaille', '114.0', '4.3', '9.1', '0.8', '4.2', '7.7', '0.7'),
(490, 'Velouté de champignons arômatisé à la truffe blanc', '133.0', '10.4', '4.3', '0.8', '0.0', '4.3', '1.4'),
(491, 'Macedoine 5 legumes', '117.0', '8.9', '4.9', '1.4', '0.0', '2.3', '0.8'),
(492, 'Galette de blé noir - Jambon fromage', '190.0', '7.4', '18.0', '1.1', '0.0', '12.0', '1.2'),
(493, 'Soupe Savoyarde', '39.0', '1.7', '3.7', '0.8', '0.0', '1.6', '0.6'),
(494, 'Choucroute cuite', '27.0', '1.5', '1.5', '1.3', '2.5', '1.1', '1.7'),
(495, 'Lentilles tomates basilic', '128.0', '4.0', '12.0', '2.2', '7.1', '7.4', '0.7'),
(496, 'Quenelles à la Lyonnaise Nature', '205.0', '13.0', '15.0', '0.7', '1.2', '6.4', '0.9'),
(497, 'Lentilles vertes du Puy cuisinées à la graisse d\'o', '0.0', '0.0', '0.0', '0.0', '0.0', '0.0', '0.0'),
(498, 'Le couscous bio', '353.0', '1.6', '71.0', '1.9', '3.4', '12.0', '0.0'),
(499, 'Velouté de 10 legumes', '43.0', '2.1', '4.9', '1.9', '1.0', '0.6', '0.7'),
(500, 'Ravioli bœuf', '236.0', '7.1', '30.9', '2.4', '3.0', '10.7', '1.1'),
(501, 'Taboulé aux tomates fraîches', '123.0', '2.8', '20.0', '2.7', '2.1', '3.7', '1.0'),
(502, 'Lentilles cuisinés', '90.0', '2.5', '10.0', '1.1', '2.5', '5.7', '0.9'),
(503, 'Gaspacho', '0.0', '2.6', '3.1', '3.1', '2.3', '1.0', '0.7'),
(504, '2 Galettes de Bretagne Jambon et Emmental', '203.0', '9.8', '17.0', '0.5', '1.5', '11.0', '1.1'),
(505, 'Soupe potiron patates douces', '46.0', '2.0', '5.1', '2.7', '1.5', '0.6', '0.7'),
(506, 'Coleslaw', '183.0', '17.1', '5.5', '5.3', '0.0', '0.9', '0.6'),
(507, 'Lentilles, cuisinées', '79.0', '1.3', '9.7', '0.9', '3.0', '5.4', '1.0'),
(508, 'Lentilles cuisinées bio', '74.0', '0.0', '14.0', '1.0', '0.0', '4.8', '0.7'),
(509, 'Couscous semoule de maïs', '346.0', '2.3', '73.0', '0.0', '0.0', '6.9', '0.0'),
(510, 'Lentilles vertes', '89.0', '0.9', '12.0', '0.5', '0.0', '6.1', '0.9'),
(511, 'Palets de légumes', '112.0', '3.9', '8.9', '1.7', '5.8', '7.3', '0.9'),
(512, 'Lentilles', '94.0', '0.5', '13.0', '0.5', '4.3', '7.1', '0.5'),
(513, 'Poivrons Rouges Grillés', '32.0', '0.3', '6.6', '3.9', '0.0', '0.7', '1.1'),
(514, 'Lentilles cuisinées', '0.0', '0.5', '10.3', '1.4', '0.0', '5.5', '0.8'),
(515, 'Céleri rémoulade', '125.0', '11.8', '2.3', '1.8', '0.0', '1.2', '1.3'),
(516, 'Taboulé à l\'orientale', '170.0', '6.1', '22.3', '3.1', '2.5', '4.9', '0.9'),
(517, 'Tarte à la tomate inédite', '225.0', '14.0', '18.0', '4.4', '2.5', '5.0', '0.9'),
(518, 'Poêlée champêtre', '82.0', '3.1', '9.2', '2.2', '4.7', '2.0', '0.8'),
(519, 'Velouté de légumes verts', '36.0', '1.5', '3.1', '0.9', '2.4', '1.5', '0.7'),
(520, 'Cassoulet', '114.0', '5.3', '7.6', '0.5', '4.0', '6.9', '1.1'),
(521, 'Poelée de riz noir épeautre et légumes', '112.0', '2.9', '15.0', '1.1', '0.0', '4.2', '0.6'),
(522, 'Attiéké', '371.0', '1.0', '91.7', '0.5', '4.2', '1.0', '0.0'),
(523, 'Macédoine de légumes en conserve', '39.0', '0.3', '4.9', '0.8', '3.7', '2.2', '0.8'),
(524, 'Ratatouille à la provençale', '44.0', '1.7', '5.7', '4.0', '1.4', '0.7', '1.0'),
(525, 'Feinschmecker Kürbis Cremesuppe', '46.0', '2.2', '5.3', '2.0', '0.5', '0.8', '1.0'),
(526, 'Ravioli végétarien', '80.0', '2.3', '11.0', '2.1', '0.0', '1.7', '1.0'),
(527, 'Rostis façon montagnard', '181.0', '9.5', '18.0', '1.6', '2.0', '5.0', '1.3'),
(528, 'Mouliné de légumes variés', '33.0', '1.0', '4.3', '1.9', '1.2', '1.1', '0.6'),
(529, 'Knorr Soupe Petits Pois et Légumes Verts Bouteille', '40.0', '0.8', '5.4', '2.3', '1.8', '1.7', '0.6'),
(530, 'Macédoine de légumes', '39.0', '0.5', '7.0', '1.3', '3.4', '2.9', '0.7'),
(531, 'Knorr Soupe Bio Mouliné de Potiron Carottes 30cl', '34.0', '1.5', '4.2', '1.9', '0.7', '0.6', '0.7'),
(532, 'KNORR Soupe Liquide Paysanne Lentilles Lard Fumé 1', '39.0', '1.0', '4.5', '1.0', '1.8', '2.1', '0.7'),
(533, 'Douceur de Courgettes Chèvre Frais', '45.0', '2.1', '5.4', '2.2', '0.5', '0.8', '0.6'),
(534, 'Gemüse Ravioli', '68.0', '0.8', '12.0', '3.6', '1.8', '2.2', '1.1'),
(535, 'Cardons cuisinés à la Lyonnaise', '18.0', '4.3', '5.8', '1.8', '0.0', '2.0', '0.6'),
(536, 'Slimfast Rich Chocolate Royale', '110.0', '4.0', '18.0', '10.0', '4.0', '2.0', '0.3'),
(537, 'Pâte à tartiner aux lentilles', '241.0', '0.3', '51.0', '42.0', '0.0', '6.0', '0.0'),
(538, 'Ratatouille à la provençale', '64.0', '3.5', '6.1', '5.2', '1.7', '1.2', '0.5'),
(539, 'Polish Ham', '151.0', '1.4', '29.2', '1.8', '1.5', '4.5', '0.4'),
(540, 'Velouté de légumes variés  Bio', '36.0', '0.8', '5.6', '0.6', '1.5', '0.9', '0.6'),
(541, 'Flammekueche', '249.0', '11.9', '27.4', '3.0', '0.0', '7.4', '1.4'),
(542, 'Macédoine de légumes', '43.0', '0.5', '6.7', '1.1', '3.7', '2.1', '0.7'),
(543, 'Lentilles préparées', '70.0', '0.5', '9.8', '0.5', '3.4', '6.0', '0.8'),
(544, 'Lentilles préparées', '82.0', '0.5', '12.1', '0.5', '2.9', '6.1', '0.7'),
(545, 'Macédoine de légumes', '41.0', '0.5', '5.9', '2.9', '3.8', '2.1', '0.1'),
(546, 'Potage St-eloi Tomate / Basilic', '41.0', '0.9', '6.6', '4.0', '1.3', '1.0', '0.5'),
(547, 'Velouté légumes', '0.0', '1.4', '6.9', '1.8', '1.0', '1.1', '0.6'),
(548, 'Mouliné légumes verts', '31.0', '0.8', '4.5', '0.7', '1.3', '0.9', '0.6'),
(549, 'Bouton d\'or pom\' sautées', '0.0', '3.3', '18.7', '0.7', '0.0', '2.2', '0.1'),
(550, 'Carottes râpées assaisonnées', '0.0', '0.5', '3.2', '3.1', '2.4', '0.5', '0.9'),
(551, 'Lentilles préparées', '0.0', '0.5', '12.2', '0.5', '4.2', '6.1', '1.0'),
(552, 'Mouliné légumes variés', '35.0', '1.1', '5.0', '1.3', '1.1', '0.8', '0.6'),
(553, 'Velouté de légumes', '46.0', '1.4', '6.9', '1.8', '1.0', '1.1', '0.6'),
(554, 'Velouté potiron et crème', '31.0', '0.8', '4.9', '2.3', '1.0', '0.6', '0.6'),
(555, 'Velouté Épinards Artichauts', '0.0', '1.9', '4.9', '0.3', '0.0', '0.6', '0.7'),
(556, 'Velouté légumes du sud', '34.0', '1.5', '4.0', '2.6', '1.2', '0.6', '0.6'),
(557, 'Taboulé cuisiné à l’orientale', '164.0', '1.6', '31.0', '1.4', '1.4', '5.6', '1.0'),
(558, 'Marcel Bio Soupe aux 7 Légumes Bio 48cl', '35.0', '0.6', '5.4', '1.2', '0.9', '1.1', '0.4'),
(559, 'Boudins Blancs au Porto', '275.0', '24.0', '4.3', '1.5', '0.9', '9.1', '1.4'),
(560, 'Le cassoulet', '114.0', '5.1', '8.1', '0.9', '3.2', '7.2', '0.8'),
(561, 'Crêpes jambon emmental', '165.0', '7.2', '17.5', '3.6', '1.3', '6.9', '0.7'),
(562, 'Taboulé à l\'orientale raisins secs & menthe', '175.0', '5.9', '24.6', '3.7', '2.0', '4.9', '1.0'),
(563, 'Macédoine aux cinq légumes', '98.0', '7.5', '3.2', '1.2', '4.1', '2.3', '0.8'),
(564, 'Betteraves rouges', '70.0', '3.7', '7.0', '6.0', '2.9', '1.1', '0.8'),
(565, 'Petit salé aux lentilles vertes', '141.0', '6.3', '9.2', '0.9', '3.2', '10.2', '1.2'),
(566, 'Carottes Râpées Assaisonnées', '73.0', '4.8', '5.5', '5.2', '3.0', '0.7', '0.8'),
(567, 'Taboulé à l\'orientale', '181.0', '6.7', '24.7', '5.3', '0.0', '4.7', '0.7'),
(568, 'Lentilles préparées', '0.0', '0.0', '11.2', '0.6', '4.9', '6.8', '0.8'),
(569, 'Velouté Tomates', '41.0', '0.7', '7.9', '3.2', '0.0', '0.6', '0.6'),
(570, 'Velouté de légumes', '46.0', '1.4', '6.9', '1.8', '0.0', '1.1', '0.6'),
(571, 'Coleslaw', '136.0', '11.9', '5.0', '4.7', '0.0', '0.8', '0.9'),
(572, 'Velouté Légumes du Sud à l\'huile d\'olive vierge ex', '0.0', '1.8', '3.5', '2.6', '1.3', '0.7', '0.6'),
(573, 'Mouliné de légumes variés', '33.0', '1.0', '4.5', '1.6', '0.0', '0.9', '0.6');
INSERT INTO `aliment` (`ID_ALIMENT`, `NOM_ALIMENT`, `ENERGIE`, `LIPIDES`, `GLUCIDES`, `SUCRE`, `FIBRES`, `PROTEINES`, `SEL`) VALUES
(574, 'Macédoine de légumes', '0.0', '0.0', '6.2', '1.9', '2.7', '2.4', '0.5'),
(575, 'Haricots blancs à la tomate', '0.0', '0.0', '9.5', '0.5', '7.2', '6.3', '1.0'),
(576, 'Carottes Râpées', '65.0', '4.6', '3.6', '3.6', '0.0', '0.8', '1.1'),
(577, 'Carottes râpées', '72.0', '4.5', '5.7', '4.1', '3.4', '0.7', '0.7'),
(578, 'Celeri remoulade bio, la barquette de', '142.0', '13.8', '2.7', '1.0', '0.0', '0.7', '1.0'),
(579, 'Coleslaw sauce douce', '97.0', '7.9', '3.9', '3.9', '3.2', '1.0', '0.8'),
(580, 'Taboulé aux raisins bio', '177.0', '5.3', '26.3', '5.2', '2.4', '4.3', '1.2'),
(581, 'Lentilles Cuisinées à l\'auvergnate', '99.0', '2.1', '12.3', '0.5', '3.3', '6.1', '0.7'),
(582, 'Veloute 8 legumes et creme', '0.0', '2.0', '5.3', '1.8', '1.0', '0.7', '0.7'),
(583, 'Mouliné Légumes Variés', '0.0', '1.1', '5.0', '1.3', '1.0', '0.8', '0.6'),
(584, 'Galettes de blé noir jambon emmental', '153.0', '5.2', '16.4', '0.8', '2.5', '9.0', '1.3'),
(585, 'Velouté légumes variés bio', '34.0', '0.7', '5.7', '2.1', '1.0', '0.9', '0.7'),
(586, '2 Galettes de Blé Noir Paysanne', '0.0', '5.5', '19.2', '0.5', '2.2', '6.0', '1.3'),
(587, 'Mogettes de Vendée cuisinées', '65.0', '0.7', '7.4', '0.6', '4.1', '5.1', '0.9'),
(588, 'Ratatouille BIO', '51.0', '1.9', '6.6', '6.0', '1.8', '1.0', '0.7'),
(589, 'Gratin Dauphinois au Jambon', '0.0', '4.2', '9.6', '0.8', '0.0', '6.8', '0.8'),
(590, 'Pommes sautées', '120.0', '3.3', '18.7', '0.7', '0.0', '2.2', '0.1'),
(591, 'pommes sarladaises', '197.0', '10.9', '20.7', '0.5', '0.0', '2.0', '0.5'),
(592, 'Velouté tomate basilic', '34.0', '0.8', '4.8', '2.7', '0.0', '1.0', '0.6'),
(593, 'Mouline panais céleri-race topinambour', '38.0', '1.4', '5.0', '1.0', '1.2', '0.7', '0.6'),
(594, 'Chou rouge à la ciboulette', '82.0', '4.9', '7.1', '6.3', '2.5', '0.9', '0.9'),
(595, '2 Flammekueches', '204.0', '10.5', '19.6', '3.6', '0.0', '6.4', '0.9'),
(596, 'Carottes râpées', '40.0', '0.0', '8.5', '0.0', '0.0', '0.8', '0.0'),
(597, 'Velouté de légumes', '41.0', '1.1', '6.6', '1.3', '1.1', '0.8', '0.7'),
(598, 'Gazpacho', '44.0', '2.6', '4.0', '3.4', '0.8', '0.8', '0.7'),
(599, 'Carottes râpées assaisonnée Bio', '65.0', '4.6', '3.6', '3.6', '3.3', '0.8', '1.1'),
(600, 'Velouté potiron', '31.0', '0.8', '4.8', '1.6', '1.1', '0.7', '0.6'),
(601, 'Velouté 7 légumes', '29.0', '1.0', '4.0', '1.7', '1.0', '0.5', '0.5'),
(602, 'Soupe froide de légumes frais issus de l\'agricultu', '46.0', '3.0', '3.5', '3.2', '1.0', '0.6', '0.7'),
(603, 'Lentilles Préparées', '0.0', '0.0', '11.2', '0.6', '4.9', '6.8', '0.8'),
(604, 'Macédoine de Légumes', '43.0', '0.5', '6.7', '1.1', '0.0', '2.1', '0.7'),
(605, 'Carottes râpées', '0.0', '4.4', '7.8', '6.6', '0.0', '0.9', '1.0'),
(606, 'TABOULE ORIENTAL', '183.0', '6.9', '24.3', '4.3', '2.4', '4.7', '0.8'),
(607, 'Lentille saucisse bio', '144.0', '8.0', '8.0', '0.0', '0.0', '8.0', '0.0'),
(608, 'Lentilles Vertes du Puy Cuisinées à la Graisse de ', '0.0', '0.0', '0.0', '0.0', '0.0', '0.0', '0.0'),
(609, 'Macédoine', '35.0', '0.5', '5.0', '1.1', '3.4', '2.1', '0.7'),
(610, 'Ratatouille à la provençale', '64.0', '3.5', '6.1', '5.2', '1.7', '1.2', '0.5'),
(611, 'Velouté de potiron bio', '0.0', '1.5', '5.0', '1.0', '0.0', '0.7', '0.5'),
(612, 'Ratatouille à la Provençale', '76.0', '5.1', '5.5', '4.4', '1.9', '1.1', '0.8'),
(613, 'Risotto Saumon Epinards oignons et vin blanc', '217.0', '14.0', '17.0', '1.7', '0.0', '5.2', '0.8'),
(614, 'Substi 1000', '125.0', '9.7', '36.1', '27.3', '2.3', '36.8', '1.8'),
(615, '4 Mini Gratins Dauphinois à la Crème', '132.0', '7.1', '13.0', '0.8', '1.5', '3.3', '1.0'),
(616, 'Ratatouille', '162.0', '1.1', '5.1', '4.0', '0.0', '1.1', '0.5'),
(617, 'Pizza Four à Pierre Gorgonzola', '247.0', '10.3', '25.0', '6.5', '1.5', '12.8', '1.4'),
(618, 'Velouté de Légumes du Soleil', '114.0', '1.7', '4.2', '2.5', '1.1', '1.0', '0.7'),
(619, 'Velouté Potiron Châtaigne', '218.0', '5.8', '14.0', '4.2', '6.0', '24.0', '2.0'),
(620, '6 Crêpes Jambon Emmental', '118.0', '2.2', '17.0', '2.8', '0.9', '7.1', '0.9'),
(621, 'Soupe Chou Kale Orge perlé', '50.0', '1.8', '5.8', '1.0', '0.0', '1.9', '0.8'),
(622, 'Potage Poireaux Pommes de terre', '24.0', '0.2', '4.8', '1.4', '0.0', '0.6', '0.8'),
(623, 'Nos melanges gourmands', '351.0', '2.4', '62.0', '1.0', '8.3', '16.0', '0.0'),
(624, 'Velouté de Carottes', '60.0', '1.5', '9.0', '4.0', '4.0', '2.0', '1000.0'),
(625, 'Minestrone Mit 40% mehr Pasta', '28.0', '0.5', '5.2', '1.4', '0.7', '1.1', '0.9'),
(626, 'Tripacks 1/4ofx3 lentilles preparees', '72.0', '0.2', '9.8', '0.3', '3.4', '6.0', '0.8'),
(627, 'Qualité & Prix Weisse Bohnen an Tomatensauce', '71.0', '0.5', '9.0', '2.5', '6.0', '4.5', '0.9'),
(628, 'Macédoine de Légumes', '47.0', '0.5', '5.7', '0.7', '0.0', '2.8', '0.1'),
(629, 'Macedoine De Legumes 250G', '171.0', '13.2', '11.4', '2.1', '0.0', '2.0', '1.1'),
(630, 'Cassoulet', '102.0', '3.9', '8.1', '1.2', '3.5', '6.9', '1.1'),
(631, 'Petit salé aux lentilles vertes', '156.0', '8.4', '6.7', '0.5', '4.0', '11.0', '0.9'),
(632, 'Haricots Rouges France Bio', '108.0', '1.0', '13.0', '1.0', '7.0', '8.3', '0.4'),
(633, 'Haricots verts coupés Extra fins France Bio', '20.0', '0.3', '1.2', '0.5', '3.4', '1.3', '0.3'),
(634, 'Lentilles Vertes du Sud-Ouest Bio', '71.0', '0.6', '9.3', '0.5', '3.7', '5.2', '0.4'),
(635, 'Ratatouille Bio à la Provençale', '54.0', '3.1', '4.6', '3.1', '2.3', '1.3', '0.4'),
(636, 'Taboulé de petit épeautre aux agrumes et à la fleu', '104.0', '1.3', '18.0', '8.3', '3.1', '3.3', '1.5'),
(637, 'Saucisses de Toulouse aux lentilles', '148.0', '9.6', '6.3', '0.5', '2.4', '7.8', '1.0'),
(638, 'Foccacia Margherita', '0.0', '0.0', '0.0', '0.0', '0.0', '0.0', '0.0'),
(639, 'Carottes râpées assaisonnées', '79.0', '5.0', '6.2', '5.5', '2.8', '0.9', '0.3'),
(640, 'Velouté aux Légumes du Soleil', '33.0', '1.5', '3.4', '2.2', '1.1', '0.9', '0.6'),
(641, 'Mouliné de Légumes BIO', '33.0', '0.7', '5.4', '2.2', '1.3', '0.7', '0.7'),
(642, 'bio velouté de potiron & graines de courge', '33.0', '0.9', '4.8', '1.4', '1.1', '0.9', '0.6'),
(643, 'Soupe de patate douce, lait de coco & curry', '47.0', '1.5', '7.2', '2.1', '1.1', '0.7', '0.7'),
(644, 'Poêlée de pommes de terre🥔 grenaille', '275.0', '8.2', '42.0', '0.5', '4.5', '5.7', '1.3'),
(645, 'Cassoulet Bio', '130.0', '6.3', '8.6', '0.8', '3.4', '8.0', '1.0'),
(646, 'Couscous Moyen', '370.0', '2.0', '73.0', '3.0', '3.4', '13.2', '0.1'),
(647, 'Velouté de légumes', '39.0', '1.4', '5.6', '1.1', '0.8', '0.7', '0.7'),
(648, 'Gratin de legume et porc cuisinés', '117.0', '7.0', '6.3', '2.8', '0.0', '6.2', '0.9'),
(649, 'Gratin dauphinois au jambon', '133.0', '5.3', '13.0', '3.5', '0.0', '8.0', '1.1'),
(650, 'Gazpacho', '45.0', '2.6', '3.9', '3.1', '1.2', '0.8', '0.6'),
(651, 'Ratatouille sans sel ajouté', '112.0', '9.3', '6.0', '0.5', '0.0', '1.1', '0.1'),
(652, 'Légumes pour potage minestrone', '68.0', '1.8', '8.6', '2.8', '3.5', '2.7', '0.5'),
(653, 'Ravioli vegetariens bio', '76.0', '1.7', '12.0', '4.4', '2.4', '2.0', '0.8'),
(654, 'Cracky Billes de Céréales 8 Crêpes Chocolat au lai', '477.0', '24.0', '56.0', '32.0', '0.0', '7.5', '0.8'),
(655, 'La Boule à PIZZA', '225.0', '1.2', '45.0', '3.6', '1.0', '8.1', '1.5'),
(656, 'Le Ravioli, Pur Bœuf', '88.0', '2.3', '12.6', '1.4', '0.8', '3.8', '0.9'),
(657, 'Velouté courgette au curry', '14.0', '0.6', '0.9', '0.9', '1.0', '0.7', '0.5'),
(658, 'Soupe petits pois menthe', '0.0', '2.3', '5.6', '1.0', '0.0', '1.4', '0.8'),
(659, 'Couscous maïs sans gluten', '355.0', '2.3', '75.0', '0.0', '2.7', '6.9', '0.0'),
(660, 'Coleslaw à la moutarde à l\'ancienne', '125.0', '10.0', '6.5', '5.5', '2.5', '1.0', '0.6'),
(661, 'Lentilles au naturel', '119.0', '0.4', '16.2', '0.5', '0.0', '9.4', '1.0'),
(662, 'Poêlée de légumes de Normandie Cuisinée au Cidre', '0.0', '2.1', '9.7', '2.6', '0.9', '0.9', '0.5'),
(663, 'Carrot soup', '38.0', '1.8', '4.9', '2.2', '1.4', '0.6', '0.7'),
(664, 'Lot de 3 Quenelles à la Lyonnaise Nature', '205.0', '13.0', '15.0', '0.7', '1.2', '6.4', '0.9'),
(665, 'Mini Délices Soufflés Nature', '227.0', '15.0', '15.0', '1.2', '1.5', '7.2', '1.0'),
(666, 'Quenelles à la Lyonnaise Nature', '205.0', '13.0', '15.0', '0.7', '1.2', '6.4', '0.9'),
(667, 'Potage Aux 5 Légumes', '305.0', '1.9', '56.1', '0.0', '0.0', '7.8', '0.0'),
(668, 'Ravioli aux légumes', '91.0', '4.5', '10.2', '2.2', '1.4', '1.7', '1.0'),
(669, 'Galette au blé noir Lardons Chèvre', '189.0', '11.0', '13.0', '0.5', '1.3', '8.9', '1.2'),
(670, 'Gratin dauphinois au jambon', '137.0', '5.1', '14.0', '3.9', '0.0', '8.1', '1.2'),
(671, 'Ravioli au tofu et légumes', '82.0', '1.8', '12.8', '2.8', '0.0', '3.1', '1.0'),
(672, 'Carote julienne', '43.0', '0.2', '7.6', '7.6', '3.1', '1.1', '0.3'),
(673, 'coleslaw la saveur d\'abord', '0.0', '0.0', '0.0', '0.0', '0.0', '0.0', '0.0'),
(674, 'Carotte râpée 230g', '104.0', '7.5', '7.5', '5.6', '1.9', '0.8', '0.8'),
(675, 'Carottes râpées', '92.0', '6.2', '7.9', '6.6', '1.9', '0.8', '0.4'),
(676, 'Miso & Légumes', '20.0', '0.6', '2.2', '1.0', '0.0', '1.4', '2.2'),
(677, 'Velouté courge coco gingembre', '47.0', '3.3', '4.1', '0.9', '0.5', '0.9', '0.6'),
(678, 'P\'tit velouté potiron au fromage blanc', '48.0', '2.2', '5.8', '2.2', '0.7', '0.8', '0.6'),
(679, 'Haricots lingots saucisses de Toulouse', '144.0', '8.2', '6.9', '0.5', '3.6', '8.7', '1.0'),
(680, 'Buddha bowl', '171.0', '12.0', '10.0', '3.6', '3.6', '3.9', '0.6'),
(681, 'Spargel Creme Suppe', '29.0', '0.8', '4.5', '1.0', '0.5', '0.8', '0.9'),
(682, 'Choux rouges cuits', '0.0', '0.2', '9.1', '8.4', '1.7', '0.8', '1.4'),
(683, 'Taboulé bio aux légumes', '180.0', '8.0', '23.0', '4.9', '0.0', '3.2', '0.9'),
(684, 'carotte rapee', '0.0', '0.0', '0.0', '0.0', '0.0', '0.0', '0.0'),
(685, 'Kartoffelstock', '70.0', '0.9', '13.0', '0.9', '1.5', '1.8', '0.7'),
(686, 'velouté de legumes', '0.0', '0.0', '0.0', '0.0', '0.0', '0.0', '0.0'),
(687, 'Macedoine de legumes', '37.0', '0.5', '4.4', '0.9', '0.0', '2.1', '0.4'),
(688, 'Soupe de Légumes, certifié AB', '31.0', '0.6', '5.4', '1.8', '0.8', '0.5', '0.6'),
(689, 'Couscous', '157.0', '9.7', '8.7', '1.6', '1.2', '8.2', '0.8'),
(690, 'Raviolis aux légumes', '108.0', '3.3', '15.0', '5.6', '3.5', '2.9', '0.9'),
(691, 'Soupe Bio Gaspacho Andalou', '53.0', '3.1', '4.3', '3.1', '0.0', '1.4', '0.6'),
(692, 'Cassoulet', '145.0', '6.6', '12.0', '0.5', '0.0', '4.0', '1.1'),
(693, 'Couscous d’orge', '332.0', '2.0', '62.0', '2.2', '11.0', '11.0', '0.0'),
(694, 'Couscous Blanc Bio 500g', '355.0', '1.7', '72.0', '2.4', '3.8', '11.0', '0.0'),
(695, 'Couscous d’épeautre', '344.0', '2.8', '62.0', '2.3', '9.2', '13.0', '0.0'),
(696, 'Couscous d\'épeautre', '344.0', '2.8', '62.0', '2.3', '9.2', '13.0', '0.0'),
(697, 'Couscous', '345.0', '2.4', '65.0', '2.7', '7.7', '12.0', '0.0'),
(698, 'Couscous', '354.0', '1.9', '70.0', '2.3', '4.2', '12.0', '0.0'),
(699, 'Couscous fin', '0.0', '1.9', '70.0', '2.5', '4.3', '12.0', '0.0'),
(700, 'Couscous Moyen', '354.0', '1.9', '70.0', '2.5', '4.3', '12.0', '0.0'),
(701, 'Velouté de potiron', '33.0', '1.1', '4.7', '2.3', '1.1', '0.6', '0.7'),
(702, 'Soupe veloutée lentilles corail au lait de coco', '52.0', '1.4', '7.2', '1.1', '1.4', '1.9', '0.5'),
(703, 'Ravioli Volaille', '85.0', '2.0', '13.0', '4.6', '1.3', '3.0', '0.7'),
(704, 'Velouté Petits pois Légumes verts', '37.0', '2.1', '0.3', '0.3', '4.2', '2.1', '0.7'),
(705, 'Velouté petits pois Légumes verts', '37.0', '2.1', '0.3', '0.3', '4.2', '2.1', '0.7'),
(706, 'Ratatouille Bio aux Herbes de Provence', '40.0', '1.3', '5.1', '3.2', '1.7', '1.2', '0.8'),
(707, 'Pâtes farcies aux légumes à la sauce tomate bio', '74.0', '1.7', '12.2', '3.3', '1.2', '1.8', '0.8'),
(708, 'Légumes pour couscous et plats orientaux', '35.0', '0.4', '5.2', '3.2', '2.2', '1.6', '0.6'),
(709, 'Ravioli Bœuf Bio', '84.0', '1.8', '13.0', '4.0', '1.6', '3.2', '1.0'),
(710, 'Courgettes Cuisinées', '48.0', '2.3', '4.5', '1.4', '1.3', '1.6', '0.7'),
(711, 'Choucroute au naturel', '16.0', '0.2', '1.5', '0.8', '2.0', '1.0', '1.0'),
(712, 'Ravioli épinard ricotta Bio', '89.0', '3.0', '12.0', '4.6', '1.7', '2.7', '0.6'),
(713, 'Piperade', '50.0', '2.2', '5.8', '3.3', '1.4', '1.1', '0.9'),
(714, 'Soupe de tomate avec riz', '39.0', '1.3', '5.7', '1.8', '0.0', '0.9', '0.7'),
(715, 'Bruschetta', '0.0', '0.0', '0.0', '0.0', '0.0', '0.0', '0.0'),
(716, 'Suprême de potiron crunchy', '57.0', '2.8', '7.6', '2.1', '0.0', '0.4', '0.7'),
(717, 'Ravioli champignons sauce cepes', '97.0', '5.0', '10.0', '2.7', '1.7', '2.1', '0.7'),
(718, 'Haricots blancs à la tomate', '76.0', '0.8', '9.1', '0.9', '5.0', '5.5', '0.7'),
(719, 'Soupe tomates vermicelles', '38.0', '0.6', '6.6', '3.4', '0.6', '1.1', '0.7'),
(720, 'Piperade', '59.0', '2.0', '7.7', '6.3', '2.1', '1.4', '0.9'),
(721, 'L\'écrase pomme de terre comté', '100.0', '3.7', '13.0', '1.6', '1.3', '3.5', '0.6'),
(722, 'Soupe de Lentilles', '76.0', '2.4', '9.7', '1.3', '2.4', '3.0', '0.6'),
(723, 'velouté de 9 légumes', '48.0', '1.9', '4.6', '2.1', '0.9', '0.7', '0.7'),
(724, 'Lentilles préparées', '84.0', '0.5', '12.0', '0.6', '4.0', '6.0', '0.6'),
(725, 'Sedani', '330.0', '1.0', '58.0', '0.3', '15.0', '15.0', '0.0'),
(726, 'Lasagnes aux légumes grillés et à la mozzarella, S', '0.0', '5.5', '8.8', '3.3', '1.8', '5.0', '0.5'),
(727, 'LASAGNES AUX LEGUMES BIO', '110.0', '4.0', '13.7', '3.3', '2.9', '3.6', '0.8'),
(728, 'Soupe du potager', '36.0', '0.7', '5.2', '1.6', '0.0', '1.3', '0.1'),
(729, '1 boîte Cassoulet toulousain à la graisse d\'oie', '0.0', '8.2', '8.9', '0.8', '4.2', '8.3', '0.8'),
(730, 'Taboulé oriental', '160.0', '9.1', '16.0', '1.9', '1.9', '2.3', '1.4'),
(731, 'Potabio Potage instantané cèpes', '12.0', '0.5', '2.0', '0.4', '0.6', '0.5', '0.4'),
(732, 'Potage Potimarron', '12.0', '0.5', '2.0', '0.5', '0.6', '0.4', '0.4'),
(733, 'Velouté de légumes', '30.0', '1.4', '2.8', '1.4', '1.6', '0.7', '0.6'),
(734, 'Lentilles cuisinées à l\'ancienne', '78.0', '5.6', '13.0', '1.4', '0.0', '5.3', '1.1'),
(735, 'Soupe Tibétaine Bio', '73.0', '3.2', '8.0', '1.3', '0.0', '3.3', '0.7'),
(736, 'Soupe légumes oubliés', '42.0', '2.2', '3.9', '0.2', '0.0', '0.9', '0.8'),
(737, 'Les legumes pour couscous', '28.0', '0.7', '3.3', '1.8', '1.6', '1.2', '0.6'),
(738, 'Gratin dauphinois', '96.0', '4.2', '12.0', '2.0', '0.0', '1.5', '0.8'),
(739, 'Bohnen weiss', '81.0', '1.7', '8.2', '1.5', '0.0', '4.8', '1.2'),
(740, 'Le Cassoulet Mitonné', '115.0', '4.7', '8.9', '0.6', '3.8', '7.3', '0.8'),
(741, 'Knorr Soupe Liquide Douceur de Tomates🍅 à la Crème', '56.0', '2.3', '7.1', '4.3', '0.5', '1.5', '0.6'),
(742, 'Mouliné aux Légumes verts', '35.0', '1.0', '4.6', '1.4', '1.5', '1.1', '0.6'),
(743, 'Ravioli au Poulet', '88.0', '4.0', '9.3', '2.1', '1.4', '3.2', '1.0'),
(744, 'Poivrons de Piquillo en lanières', '30.0', '0.0', '5.4', '4.5', '1.4', '1.5', '0.5'),
(745, 'Ratatouille à la Provençale', '70.0', '4.3', '5.0', '4.6', '3.2', '1.2', '0.6'),
(746, '10 légumes et crème fraîche', '53.0', '3.2', '4.8', '1.5', '1.0', '0.8', '0.7'),
(747, 'Soupe Mouliné Campagnard Bio', '34.0', '1.0', '5.0', '1.0', '1.5', '0.5', '0.5'),
(748, 'Soupe patate douce & piment d’espelette', '54.0', '2.7', '5.9', '3.0', '1.4', '0.8', '0.6'),
(749, 'Haricots verts extra fins', '18.0', '0.1', '1.6', '1.1', '0.0', '1.3', '0.8'),
(750, 'Velouté de poireaux, pommes de terre & persil', '26.0', '0.4', '4.3', '1.0', '0.9', '0.7', '0.6'),
(751, 'Légumes du potager moulinés Bio', '29.0', '1.0', '3.7', '0.9', '1.0', '1.0', '0.7'),
(752, 'Chicken Singapore Noodles', '136.0', '6.5', '12.8', '5.5', '1.0', '6.0', '1.4'),
(753, 'Lentilles cuisinées', '0.0', '0.4', '7.5', '0.0', '0.0', '6.3', '0.3'),
(754, 'Gratin de chou-fleur au jambon', '112.0', '7.5', '5.3', '2.6', '0.0', '5.1', '0.6'),
(755, 'Pommes grenailles rissolees persillées', '163.0', '9.7', '15.3', '1.0', '0.0', '2.2', '1.0'),
(756, 'Haricots Figatellu à la Corse', '97.0', '2.4', '13.4', '1.7', '0.0', '5.5', '0.9'),
(757, 'Lentilles vertes', '77.0', '0.5', '9.8', '0.2', '4.0', '6.4', '0.5'),
(758, 'Protéines 15 Quatuor Végétal Muesli Vegan Protéiné', '392.0', '8.0', '37.0', '5.0', '0.0', '38.0', '0.4'),
(759, 'Panzani Cous Cous Paste Fainoase', '365.0', '2.0', '73.0', '3.0', '3.4', '12.0', '0.0'),
(760, 'Soupe de courge et coco', '47.0', '2.5', '4.7', '3.3', '0.9', '1.0', '0.9'),
(761, 'Couscous Complet', '366.0', '1.2', '73.0', '1.5', '4.0', '14.0', '0.1'),
(762, 'Velouté de légumes d’antan', '39.0', '2.6', '2.5', '1.8', '0.0', '0.8', '0.6'),
(763, 'Choucroute', '16.0', '0.2', '1.3', '0.1', '0.0', '1.1', '1.9'),
(764, 'Taboulé à l\'huile d\'olive vierge extra', '171.0', '3.5', '26.7', '3.7', '4.5', '5.8', '1.0'),
(765, 'Choucroute', '89.0', '7.0', '2.8', '0.7', '1.8', '4.8', '1.3'),
(766, 'Ratatouille et riz à ma façon', '79.0', '2.6', '10.4', '3.5', '1.8', '2.6', '0.3'),
(767, 'Knorr Douceur de Tomates à la Crème Fraîche Brique', '56.0', '2.3', '7.1', '4.3', '0.5', '1.5', '0.6'),
(768, 'Potage de jardinière de légumes', '16.0', '0.0', '3.0', '1.0', '0.6', '0.5', '0.9'),
(769, 'Purée Potiron, Carotte, Maïs', '45.0', '1.0', '6.5', '3.7', '2.1', '1.4', '0.0'),
(770, 'Couscous', '352.0', '1.8', '69.1', '2.2', '0.0', '11.3', '0.0'),
(771, 'Couscous Vollkorn', '344.0', '2.1', '65.0', '3.5', '7.0', '12.0', '0.0'),
(772, 'Couscous, Original', '349.0', '1.5', '70.0', '2.5', '0.0', '12.0', '0.0'),
(773, 'Veloute de tomate', '61.0', '3.5', '6.2', '4.6', '0.7', '1.1', '0.7'),
(774, 'Soupe de tomate', '0.0', '3.0', '5.0', '4.0', '0.9', '1.0', '0.9'),
(775, 'Panzani plus puree complete micro granulee rehydra', '61.0', '1.0', '11.0', '0.8', '1.4', '1.4', '0.5'),
(776, 'Beans', '90.0', '0.4', '14.6', '5.1', '4.2', '5.1', '0.6'),
(777, 'Lentilles Préparées 460g', '93.0', '0.5', '12.5', '0.5', '4.2', '6.6', '0.9'),
(778, 'Lentilles à la sauce tomate BIO', '136.0', '6.0', '14.0', '2.5', '3.0', '5.0', '0.9'),
(779, 'Purée de carottes', '28.0', '0.0', '4.5', '4.3', '2.5', '0.6', '0.5'),
(780, 'Gazpacho issu de l\'agriculture biologique', '59.0', '4.5', '4.2', '0.0', '0.0', '0.8', '0.0'),
(781, 'Mouliné de légumes variés', '30.0', '0.8', '4.5', '1.0', '1.0', '0.9', '0.0'),
(782, 'Soupe 5 légumes', '25.0', '0.1', '5.0', '0.9', '1.2', '0.8', '0.5'),
(783, 'Tomates fraîches et séchées, pecorino & pignons', '50.0', '4.4', '0.9', '0.8', '0.0', '1.4', '0.1'),
(784, 'Bonne Purée', '375.0', '0.5', '85.7', '2.0', '0.0', '7.1', '0.1'),
(785, 'Haricots blancs à la sauce tomate bio', '76.0', '0.5', '12.7', '3.6', '5.2', '5.6', '1.1'),
(786, 'Saucisses aux lentilles', '108.0', '4.9', '8.0', '0.5', '0.0', '6.7', '0.9'),
(787, 'Choucroute aux petits lardons & riesling', '70.0', '6.0', '1.5', '0.8', '2.0', '1.5', '1.1'),
(788, '2 Galettes de Blé Noir Chèvre Affiné et Lardons', '188.0', '9.3', '17.6', '1.2', '0.0', '7.7', '1.4'),
(789, 'Charles Christ Choucroute nature à garnir 390 g', '16.0', '0.2', '1.5', '0.8', '2.0', '1.0', '1.0'),
(790, 'Ratatouille', '59.0', '3.8', '4.6', '3.5', '3.0', '1.1', '0.9'),
(791, 'gaspacho', '0.0', '0.0', '3.0', '3.0', '0.0', '0.0', '0.0'),
(792, 'Gaspacho tomate basilic', '32.0', '2.1', '2.2', '1.7', '0.0', '0.7', '0.1'),
(793, 'Soupe aux carottes épicée', '31.0', '2.0', '1.7', '0.9', '2.1', '0.6', '0.4'),
(794, 'Cassoulet au Canard', '134.0', '6.0', '6.7', '0.5', '0.0', '11.0', '0.8'),
(795, 'Choux-fleurs cuits', '27.0', '0.5', '3.8', '1.6', '2.3', '1.7', '0.0'),
(796, 'Baked beans', '83.0', '0.6', '13.0', '2.0', '0.0', '3.7', '0.7'),
(797, 'Couscous', '0.0', '0.0', '0.0', '0.0', '0.0', '0.0', '0.0'),
(798, 'Velouté 7 légumes bio', '33.0', '0.4', '6.2', '2.1', '0.9', '0.7', '0.6'),
(799, 'Gratin de courge', '76.0', '4.2', '5.7', '2.1', '0.0', '3.5', '0.8'),
(800, 'Soupe Courgette Butternut et Noisette', '32.0', '2.0', '2.0', '1.4', '0.0', '0.9', '1.4'),
(801, 'Pistonhead Multipack', '45.0', '0.2', '8.5', '1.4', '0.0', '2.4', '0.6'),
(802, 'Mogettes cuisinées à l\'ancienne', '72.0', '1.4', '8.4', '0.6', '4.1', '4.3', '0.8'),
(803, 'Lentilles préparées', '80.0', '0.6', '11.6', '0.4', '4.4', '6.9', '0.8'),
(804, 'Whaou Bio', '464.0', '22.0', '58.0', '36.0', '2.6', '7.1', '0.9'),
(805, 'So soupe - Courgette, pois cassé, citron confit', '64.0', '2.9', '5.7', '1.7', '1.7', '3.1', '0.5'),
(806, 'Potato gratins', '163.0', '11.0', '13.0', '2.3', '0.0', '2.3', '0.9'),
(807, 'Couscous facile', '365.0', '2.0', '73.0', '3.0', '3.4', '12.0', '0.0'),
(808, 'Salade de pâtes Orzo, Feta AOP, Tomate marinée', '162.0', '8.7', '13.0', '3.7', '3.1', '6.5', '0.7'),
(809, 'Les veloutés Légumes du Soleil', '41.0', '1.8', '4.5', '2.3', '0.0', '0.9', '0.6'),
(810, 'Ratatouille', '95.0', '8.1', '4.0', '3.0', '1.5', '0.9', '0.6'),
(811, 'Soup\'Velouté de légumes', '50.0', '2.5', '5.4', '2.5', '0.0', '1.1', '0.6'),
(812, 'Cassoulet Stephan', '114.0', '4.9', '7.1', '0.8', '4.1', '8.4', '1.1'),
(813, 'Ratatouille aux petits oignons', '74.0', '5.1', '5.1', '4.3', '0.0', '1.1', '0.7'),
(814, 'Délices aux champignons', '0.0', '9.0', '20.0', '2.5', '1.5', '5.0', '1.3'),
(815, 'Velouté de tomates et basilic', '44.0', '0.9', '7.5', '4.6', '1.2', '0.8', '0.5'),
(816, '375g aubergines en caponata', '85.0', '5.1', '7.6', '6.6', '2.4', '1.0', '1.1'),
(817, 'Boudin Blanc au lait frais de Normandie', '259.0', '23.0', '4.0', '1.5', '0.0', '9.0', '1.5'),
(818, 'Ferrero couscous bio 800g', '339.0', '1.4', '70.0', '1.6', '3.1', '10.0', '0.0'),
(819, 'Soupe lentilles, carottes, butternut, ciboulette e', '111.0', '0.0', '4.0', '2.1', '1.9', '1.3', '0.4'),
(820, 'Potage de pois cassé aux petits légumes', '116.0', '0.0', '4.3', '1.3', '1.7', '1.4', '0.3'),
(821, 'Tom kha', '443.0', '21.0', '60.0', '5.3', '1.6', '2.6', '9.2'),
(822, 'Potabio', '12.0', '0.5', '2.3', '0.3', '10.0', '0.3', '0.6'),
(823, 'Céleri rémoulade, pointe de moutarde', '0.0', '0.0', '0.0', '0.0', '0.0', '0.0', '0.0'),
(824, 'Céleri rémoulade, pointe de moutarde', '0.0', '0.0', '0.0', '0.0', '0.0', '0.0', '0.0'),
(825, 'Soupe à l\'oignon', '31.0', '1.0', '3.8', '1.8', '1.3', '1.0', '0.9'),
(826, 'Secrets de grand mère poireaux pomme de terre crèm', '46.0', '2.1', '5.7', '1.6', '0.8', '0.9', '0.7'),
(827, 'Ratatouille', '76.0', '4.9', '6.0', '5.2', '1.5', '1.3', '0.4'),
(828, 'velouté de champignons', '36.0', '1.6', '4.6', '0.4', '0.2', '0.6', '0.6'),
(829, 'GASPACHO LEGUME DU SOLEIL', '36.0', '1.7', '3.5', '2.7', '1.3', '0.9', '0.7'),
(830, 'Soupe carottes coco curry', '38.0', '1.9', '4.0', '2.0', '0.0', '0.7', '0.8'),
(831, 'Velouté de potiron à la crème fraîche', '36.0', '1.6', '4.1', '2.8', '1.0', '0.7', '0.5'),
(832, 'Soupe de cresson', '0.0', '0.0', '0.0', '0.0', '0.0', '0.0', '0.0'),
(833, 'Lentilles du Berry', '88.0', '2.0', '11.0', '1.2', '5.1', '5.0', '0.8'),
(834, 'Velouté d\'Aubergines grillées & Romarin à la Créto', '0.0', '0.9', '5.1', '1.7', '0.9', '1.3', '0.6'),
(835, 'Soupe paysanne Corse', '60.0', '2.5', '5.4', '0.8', '0.0', '3.0', '1.0'),
(836, 'lentilles cuisinees bio', '64.0', '0.5', '8.5', '0.6', '3.0', '5.2', '0.6'),
(837, 'Lentilles vertes cuisinées aux petits légumes', '75.0', '0.3', '13.0', '0.2', '0.0', '5.0', '0.6'),
(838, 'Velouté de potimarron', '54.0', '0.0', '2.2', '0.9', '0.9', '0.0', '0.3'),
(839, 'Potabio épinards spiruline', '272.0', '2.3', '40.0', '10.0', '1.4', '14.0', '11.1'),
(840, 'Piperade basquaise tomates🍅 et duo de poivrons au ', '80.0', '6.2', '4.2', '4.1', '1.7', '1.1', '1.0'),
(841, 'Tortilla nature BIO', '173.0', '11.3', '10.5', '0.8', '1.5', '6.5', '1.0'),
(842, 'Gratin de pommes de terre et poireaux au chèvre et', '142.0', '7.4', '12.0', '3.4', '0.0', '5.9', '1.1'),
(843, 'MOUSLINE Purée Crème Muscade 500g (4x125g)', '362.0', '4.1', '70.9', '3.3', '6.3', '7.3', '2.4'),
(844, 'Couscous Sachets', '370.0', '2.0', '73.0', '3.0', '0.0', '13.2', '0.0'),
(845, 'Lentilles préparées', '94.0', '0.5', '13.0', '0.5', '4.3', '7.1', '0.5'),
(846, 'Lentilles préparées', '91.0', '0.5', '12.5', '0.5', '4.2', '7.0', '0.9'),
(847, 'Knorr Soupe Mouliné de Légumes Verts 30cl', '36.0', '0.9', '5.7', '1.3', '1.0', '0.8', '0.7'),
(848, 'Tartiflette', '126.0', '6.7', '10.1', '2.1', '1.1', '5.7', '0.7'),
(849, 'Velouté de potiron', '0.0', '2.0', '4.0', '2.3', '0.9', '0.8', '0.7'),
(850, 'Soupe lentille corail et cumin', '55.0', '0.9', '8.5', '0.8', '1.7', '3.3', '0.5'),
(851, 'soupe au quinoa', '0.0', '3.3', '4.5', '1.4', '1.0', '0.7', '0.6'),
(852, 'PurSoup\' Velouté de 10 légumes', '106.0', '4.8', '13.0', '3.3', '2.0', '1.8', '1.7'),
(853, 'velouté de 10 légumes et crème fraîche', '57.0', '3.2', '5.8', '1.6', '0.9', '0.7', '0.7'),
(854, 'Soupe Potiron', '48.0', '3.9', '2.0', '1.2', '0.0', '0.8', '0.8'),
(855, 'Gratin de Poulet au Maroilles AOP', '168.0', '10.0', '8.3', '0.6', '0.6', '10.0', '0.6'),
(856, 'velouté de potiron', '35.0', '1.7', '3.8', '2.4', '0.7', '0.3', '0.0'),
(857, 'Couscous Grains moyens', '348.0', '2.0', '70.0', '2.5', '3.0', '11.0', '0.0'),
(858, 'Chili-Chips', '520.0', '30.0', '57.0', '2.6', '3.4', '3.8', '1.4'),
(859, 'Velouté de potiron', '53.0', '1.9', '4.7', '2.6', '1.0', '0.6', '0.7'),
(860, 'Saucisses aux Lentilles Cuisinées', '108.0', '4.8', '8.2', '0.6', '2.4', '6.7', '0.9'),
(861, 'Gratin D\'aubergines', '134.0', '11.0', '5.3', '3.7', '2.5', '2.2', '0.4'),
(862, 'Cremesuppe mit 9 Gemüsen', '44.0', '1.9', '5.7', '2.0', '1.1', '0.7', '0.8'),
(863, 'Little Lunch Little Italy', '49.0', '2.1', '5.8', '3.4', '0.0', '0.9', '0.6'),
(864, 'Soupe de légumes', '0.0', '4.0', '6.0', '2.5', '0.8', '1.0', '1.1'),
(865, 'Velouté Ensoleillé Courgettes de France au basilic', '27.0', '1.6', '2.0', '1.4', '1.1', '0.7', '0.6'),
(866, 'Five Beanz', '87.0', '0.2', '13.6', '4.7', '4.3', '5.4', '0.6'),
(867, 'Crackers', '408.0', '10.0', '62.0', '7.8', '13.0', '11.0', '1.7'),
(868, 'Purée de patate douce', '83.0', '1.9', '14.0', '6.6', '3.1', '1.2', '0.5'),
(869, 'velouté légumes du soleil', '0.0', '0.0', '0.0', '0.0', '0.0', '0.0', '0.0'),
(870, 'Couscous extra - graine moyenne', '360.0', '2.0', '72.0', '2.0', '0.0', '12.0', '0.0'),
(871, 'Cream Of Tomato Soup', '58.0', '2.6', '7.1', '6.0', '1.1', '1.1', '0.5'),
(872, 'Choucroute', '17.0', '0.2', '1.0', '0.9', '0.0', '1.3', '1.0'),
(873, 'Velouté de potiron à la crème fraîche', '30.0', '0.8', '4.6', '2.6', '1.0', '0.7', '0.7'),
(874, 'Soupe carottes coco', '83.0', '5.9', '5.2', '3.5', '0.0', '1.0', '1.0'),
(875, 'Deli soup\' Julienne tomates-légumes avec boulettes', '31.0', '0.9', '4.3', '1.6', '0.8', '1.1', '0.8'),
(876, 'Purée Saveur d\'autrefois', '355.0', '3.0', '71.0', '3.3', '7.4', '7.4', '2.6'),
(877, 'Taboulé légumes été 160g CC', '224.0', '13.0', '23.0', '3.7', '1.7', '2.9', '1.0'),
(878, 'Soupe paysanne moulinée', '16.0', '0.1', '2.9', '1.0', '0.0', '0.5', '0.5'),
(879, 'Velouté de Poireaux et Saint-Jacques* de la baie d', '0.0', '1.8', '3.5', '1.1', '0.0', '1.1', '0.9'),
(880, 'Cassoulet', '146.0', '8.2', '7.3', '0.5', '0.0', '9.0', '0.7'),
(881, 'Velouté aux asperges', '325.0', '2.8', '64.0', '9.8', '5.0', '8.4', '11.3'),
(882, 'Soupe Jardinière De Légumes', '22.0', '0.2', '4.4', '1.0', '0.5', '0.5', '0.6'),
(883, 'Délice de Tomates et Mozzarella', '46.0', '2.3', '4.7', '1.9', '0.7', '1.3', '0.7'),
(884, 'Cassoulet', '117.0', '5.2', '8.2', '0.6', '3.8', '7.4', '1.0'),
(885, 'Velouté butternut & patates douces', '30.0', '0.8', '5.1', '1.0', '0.6', '0.4', '0.5'),
(886, 'Mouliné d\'antan aux legumes vert', '24.0', '1.3', '1.8', '1.3', '1.1', '0.8', '0.6'),
(887, 'Velouté Potiron Crème Fraîche', '38.0', '1.9', '3.9', '2.2', '0.9', '0.7', '0.7'),
(888, 'Gazpacho', '38.0', '2.2', '3.4', '2.4', '1.1', '0.8', '0.8'),
(889, 'Ravioli aux légumes sauce Toscane', '0.0', '1.7', '14.0', '2.6', '0.0', '2.4', '0.8'),
(890, 'Ratatouille à la Catalane', '92.0', '7.2', '5.3', '5.2', '0.0', '1.5', '0.5'),
(891, 'Cassoulet Toulousain', '152.0', '6.7', '5.1', '0.5', '3.6', '16.0', '0.7'),
(892, '8 Palets de Légumes', '91.0', '4.8', '8.2', '2.7', '2.9', '2.4', '1.0'),
(893, 'Gratin d\'aubergines', '152.0', '12.9', '2.9', '2.4', '3.5', '4.4', '0.7'),
(894, 'Ratatouille à la Provençale', '98.0', '7.6', '6.2', '3.3', '0.0', '1.1', '0.6'),
(895, 'Mijoté Lentilles et Pois Cassés', '97.0', '1.9', '13.0', '10.0', '3.8', '5.0', '0.7'),
(896, 'Choucroute au naturel BIO', '11.0', '0.2', '0.7', '0.3', '3.4', '0.4', '0.7'),
(897, 'mouliné gourmand', '28.0', '0.7', '4.7', '1.0', '0.5', '0.7', '0.8'),
(898, 'Veloute 8 legumes et creme', '0.0', '2.0', '5.3', '1.8', '1.0', '0.7', '0.7'),
(899, 'Tortilla aux oignons', '161.0', '10.0', '11.0', '0.9', '1.7', '5.7', '1.0'),
(900, 'Ravioli aux 4 légumes', '72.0', '1.6', '11.3', '3.7', '2.1', '2.1', '0.8'),
(901, 'Gratin de légumes du soleil au poulet', '98.0', '4.6', '5.4', '3.6', '3.6', '6.9', '0.8'),
(902, 'Ratatouille', '65.0', '5.0', '3.5', '3.1', '1.8', '0.7', '0.4'),
(903, '2 galettes au sarrasin jambon - emmental', '181.0', '8.8', '14.0', '1.7', '1.5', '10.0', '0.8'),
(904, 'Soupe de courgette', '41.0', '3.2', '1.9', '1.4', '1.0', '0.8', '0.8'),
(905, 'Taboulé de blé et quinoa', '114.0', '4.7', '13.0', '2.8', '2.9', '3.3', '1.1'),
(906, 'Aubergine a la parmesane', '190.0', '17.0', '4.9', '4.1', '2.5', '2.1', '0.8'),
(907, 'Crêpes - Pannen Koeken', '272.0', '12.0', '35.0', '16.0', '0.0', '5.6', '0.6'),
(908, 'Gnocchi à poêler tradition', '199.0', '0.5', '41.0', '5.8', '0.0', '3.4', '1.5'),
(909, 'Knorr Soupe Liquide Douceur de Poireaux Pommes de ', '138.0', '7.0', '17.0', '3.5', '0.9', '2.8', '1.7'),
(910, 'Macédoine de Légumes', '44.0', '0.5', '5.5', '1.3', '3.5', '2.5', '0.5'),
(911, 'Pizza margherita - Cuite sur pierre', '198.0', '4.1', '30.0', '3.1', '2.5', '8.5', '0.6'),
(912, 'Pizzas Margherita', '194.0', '4.1', '32.0', '2.3', '1.7', '6.3', '1.6'),
(913, 'Aubergines', '78.0', '4.7', '6.5', '5.1', '2.5', '1.1', '0.8'),
(914, 'Velouté aux Poireaux & Pommes de terre', '27.0', '0.6', '4.3', '1.8', '0.9', '0.8', '0.6'),
(915, 'Gratin dauphinois surgelé', '128.0', '7.7', '10.0', '1.7', '1.5', '3.9', '1.3'),
(916, 'Saucisses de Montbéliard & lentilles cuisinées aux', '186.0', '9.5', '11.0', '0.5', '4.0', '12.0', '3.0'),
(917, 'Soupe Bio Tomates et Pointe d\'Herbes', '325.0', '2.5', '66.0', '29.0', '9.1', '7.4', '7.3'),
(918, 'Ratatouille à l\'huile d\'olive', '56.0', '3.8', '3.2', '2.6', '1.4', '1.6', '0.6'),
(919, 'Cassoulet', '113.0', '4.8', '8.8', '1.2', '3.9', '6.8', '0.8'),
(920, 'Soupe poireaux - pomme de terre', '24.0', '0.5', '3.7', '1.2', '1.0', '0.7', '0.3'),
(921, 'Quiche Poireau Parmesan', '243.0', '17.0', '16.0', '1.7', '0.0', '9.6', '0.8'),
(922, 'Soupe Thaïlandaise', '40.0', '1.9', '4.4', '1.9', '0.0', '0.8', '0.7'),
(923, 'Mouliné de saison jardin d\'hiver', '32.0', '1.1', '3.7', '1.5', '1.6', '1.0', '0.6'),
(924, 'Soupe butternut beaufort d\'été & cèpes', '79.0', '4.5', '7.9', '1.4', '0.0', '2.6', '0.8'),
(925, 'Velouté de cèpes aux lentilles vertes du Puy', '50.0', '2.0', '5.5', '0.3', '0.0', '2.5', '0.7'),
(926, 'Pizza Con Pomodorini Rossi E Gialli Burrata E Pest', '247.0', '8.4', '33.0', '2.4', '2.0', '8.9', '1.1'),
(927, 'Mouliné du Potager bio', '24.0', '1.3', '1.8', '1.3', '1.1', '0.8', '0.6'),
(928, 'Le savoureux MOULINE DE LEGUMES VARIES', '33.0', '1.0', '4.3', '1.9', '1.2', '1.1', '0.6'),
(929, 'Cassoulet à la saucisse de Toulouse', '157.0', '8.7', '8.1', '0.6', '4.4', '9.3', '0.7'),
(930, 'PurSoup\' Velouté de 10 Légumes', '43.0', '1.9', '5.2', '1.3', '0.8', '0.7', '0.7'),
(931, 'Galette au Blé Noir Jambon Emmental', '0.0', '9.8', '13.0', '0.9', '3.2', '11.0', '1.6'),
(932, 'Crousti moelleuse originale margherita (3+1 offert', '223.0', '7.0', '29.0', '2.5', '0.0', '10.0', '0.9'),
(933, 'MOUSLINE Purée Nature Format Economique, 7 sachets', '350.0', '0.8', '75.0', '2.5', '6.8', '7.4', '0.1'),
(934, 'Soupe Courgette Parmesan Noisettes 1L', '58.0', '4.8', '1.4', '1.1', '0.7', '2.2', '0.7'),
(935, 'Baked beans', '92.0', '0.7', '13.5', '5.3', '6.2', '4.6', '0.5'),
(936, 'Ratatouille', '69.0', '5.2', '3.6', '3.3', '1.7', '1.0', '0.7'),
(937, 'Ratatouille Fabriquée en provence', '0.0', '0.0', '0.0', '0.0', '0.0', '0.0', '0.0'),
(938, 'Velouté à la tomate Soupe instantanée', '325.0', '0.8', '68.0', '24.0', '8.4', '7.0', '5.9'),
(939, 'Soupe à l\'Oignon', '28.0', '0.5', '5.0', '2.2', '0.6', '0.8', '0.7'),
(940, 'Mogettes Cuisinées à la Charentaise', '83.0', '0.5', '12.0', '1.3', '0.0', '6.1', '0.9'),
(941, 'Velouté de legumes et de lentilles corail', '37.0', '1.1', '4.5', '2.8', '2.0', '1.2', '0.7'),
(942, 'Waldpilzcrème', '45.0', '1.5', '5.7', '2.3', '0.5', '2.0', '0.7'),
(943, 'Veloute de tomates', '36.0', '0.6', '6.5', '3.4', '0.5', '0.9', '0.6'),
(944, 'Cassoulet Toulousain', '151.0', '8.2', '8.9', '0.8', '4.2', '8.3', '0.8'),
(945, 'Soupe de carotte, lait de coco & coriandre', '25.0', '0.8', '3.4', '2.4', '1.3', '0.4', '0.6'),
(946, 'Noodle Cup No. 7', '104.0', '0.6', '20.0', '4.3', '2.6', '3.7', '11.0'),
(947, 'Cassoulet Saucisses & saucisson fumés', '110.0', '4.5', '8.3', '1.6', '3.3', '7.3', '0.8'),
(948, 'Velouté de champignons', '31.0', '1.4', '3.5', '0.9', '0.5', '0.9', '0.7'),
(949, 'Pizza Margherita tomate, mozzarella', '221.0', '7.7', '26.8', '2.5', '2.8', '9.8', '1.2'),
(950, 'Ratatouilles à la provençale', '66.0', '4.5', '3.8', '3.6', '0.0', '1.2', '0.6'),
(951, 'Soupe pois cassés et muscade', '78.0', '1.3', '11.8', '1.0', '1.0', '4.3', '0.4'),
(952, 'Carbonara di pasta gratinata', '159.0', '7.5', '15.0', '1.4', '0.8', '7.0', '0.9'),
(953, 'Cassoulet à la saucisse de Toulouse cuisiné à la g', '131.0', '6.6', '7.3', '0.6', '4.2', '8.4', '0.7'),
(954, 'Paprika eingelegt', '40.0', '0.5', '6.9', '6.8', '0.0', '1.0', '0.9'),
(955, 'Veloute de Légumes', '30.0', '0.6', '5.3', '1.7', '0.6', '0.6', '0.6'),
(956, 'Ravioli Pur Bœuf, Sauce Italienne', '84.0', '2.0', '12.1', '1.3', '1.8', '3.7', '0.8'),
(957, 'Raviolis aux légumes', '98.0', '3.2', '14.0', '2.8', '2.0', '2.6', '1.1'),
(958, 'Aubergines à l’italienne', '149.0', '11.0', '5.4', '3.4', '3.6', '4.9', '0.6'),
(959, 'Cassoulet', '112.0', '4.6', '9.0', '0.7', '0.0', '7.0', '0.6'),
(960, 'Veloute 8 legumes', '31.0', '1.2', '3.9', '1.0', '0.9', '0.6', '0.6'),
(961, 'Cassoulet au confit de canard du sud-ouest', '176.0', '8.0', '7.6', '0.5', '0.0', '13.0', '1.0'),
(962, 'Mouliné de légumes verts', '33.0', '0.7', '5.3', '0.5', '0.8', '1.0', '0.8'),
(963, 'Ravioli pur boeuf', '86.0', '1.7', '13.0', '3.0', '1.7', '3.7', '0.8'),
(964, 'Cassoulet - Pur Porc', '108.0', '4.7', '7.0', '0.5', '3.5', '7.6', '0.0'),
(965, 'Douceur de 8 légumes', '44.0', '1.8', '6.1', '2.9', '0.8', '0.7', '0.7'),
(966, 'Cassoulet de Castelnaudary aux viandes de porc et ', '143.0', '7.4', '6.8', '0.5', '3.8', '10.0', '0.7'),
(967, 'délice de courgettes au chèvre', '37.0', '1.8', '3.9', '1.4', '0.6', '1.0', '0.7'),
(968, 'Baked Beans in a rich and tasty tomato sauce', '85.0', '0.6', '12.5', '4.7', '5.9', '4.6', '0.6'),
(969, 'Veloute de tomates et basilic', '54.0', '2.6', '6.0', '3.6', '0.0', '0.8', '0.8'),
(970, 'Betteraves rouges Bio', '43.0', '0.1', '7.2', '6.7', '0.0', '2.3', '0.1'),
(971, 'Gaspacho bio', '32.0', '1.7', '2.8', '1.7', '1.0', '0.8', '0.7'),
(972, 'Lentilles vertes préparées', '70.0', '0.5', '9.0', '0.5', '4.2', '5.3', '0.7'),
(973, 'Lentilles cuisinées à l\'ancienne bio', '88.0', '0.5', '13.0', '0.7', '0.0', '6.8', '0.7'),
(974, 'Velouté de potiron à la crème fraîche', '36.0', '1.6', '4.1', '2.8', '1.0', '0.7', '0.6'),
(975, 'Lentilles Saucisses', '129.0', '6.0', '9.8', '0.0', '0.0', '8.7', '0.5'),
(976, 'Weiße Bohnen in Tomatensauce', '91.0', '0.5', '13.6', '4.1', '5.2', '5.6', '1.0'),
(977, 'La Primeur de Bretagne', '115.0', '5.1', '15.0', '0.7', '1.5', '1.6', '0.5'),
(978, 'Les légumes verts', '47.0', '0.5', '5.2', '2.2', '4.3', '3.5', '0.1'),
(979, 'Gratin légumes verts et pointe de ciboulette', '104.0', '6.3', '6.6', '3.8', '1.3', '4.6', '0.4'),
(980, 'cordon bleu', '72.0', '1.4', '9.2', '0.8', '0.0', '4.5', '0.8'),
(981, 'Velouté Cèpes et Bolets', '30.0', '1.0', '4.2', '1.0', '0.7', '0.8', '0.8'),
(982, 'Riste d\'Aubergine', '185.0', '18.0', '3.9', '3.6', '2.4', '0.6', '0.6'),
(983, 'Carottes râpées', '33.0', '0.5', '6.3', '5.2', '2.7', '0.7', '0.0'),
(984, 'Velouté 7 legumes', '25.0', '1.0', '3.1', '1.7', '1.2', '0.5', '0.5'),
(985, 'Soupe de lentille corail', '65.0', '1.9', '8.0', '2.9', '0.0', '2.7', '1.1'),
(986, 'Soupe Kilimandjaro', '53.0', '0.2', '11.0', '6.0', '3.0', '1.0', '1.0'),
(987, 'Soupe Tomates & Mini Penne', '36.0', '0.6', '6.6', '2.5', '0.6', '0.8', '0.7'),
(988, 'Le Ravioli (Pur Bœuf)', '86.0', '2.2', '12.0', '2.0', '1.7', '3.8', '0.9'),
(989, 'Potabio du monde - Potage Thaï', '12.0', '0.5', '2.4', '0.4', '0.3', '0.3', '0.5'),
(990, 'Ravioli Tofu Tomates et Basilic', '111.0', '3.1', '15.0', '2.9', '3.8', '3.8', '0.7'),
(991, 'Gazpacho soupe froide de légumes frais', '43.0', '2.7', '3.6', '2.9', '1.0', '0.6', '0.8'),
(992, 'Liebig soupe BIO Légumes et Mini Penne', '42.0', '1.3', '6.1', '2.0', '0.9', '0.9', '0.6'),
(993, 'Velouté d\'antan poireaux pommes de terre', '34.0', '1.9', '2.8', '1.0', '1.2', '0.7', '0.6'),
(994, 'Soupe bio tomats-aneth', '23.0', '0.9', '2.7', '2.2', '0.0', '0.8', '0.4'),
(995, 'Ratatouille', '76.0', '4.5', '6.4', '0.5', '2.5', '1.2', '0.7'),
(996, 'Soupe fine lentilles au thym', '50.0', '1.0', '7.3', '2.3', '0.0', '0.1', '0.6'),
(997, 'L\'aligot à la tome fraîche.', '185.0', '11.0', '11.0', '0.9', '0.0', '9.0', '0.8'),
(998, 'Gaspacho bio', '34.0', '0.8', '4.1', '2.2', '0.0', '1.0', '1.6'),
(999, 'Soupe lentilles corail à diluer', '164.0', '4.4', '22.0', '2.8', '0.0', '9.0', '0.8'),
(1000, 'MOUSLINE Purée Nature, 8 sachets pour 4 personnes ', '350.0', '0.8', '75.0', '2.5', '6.8', '7.4', '0.1'),
(1001, 'Tarte aux Poireaux', '213.0', '11.0', '20.0', '1.8', '1.4', '7.7', '0.8'),
(1002, 'Minestrone façon Napolitaine', '47.0', '2.0', '5.5', '1.5', '1.3', '1.1', '0.7'),
(1003, 'Cassoulet', '117.0', '5.2', '8.2', '0.6', '3.8', '7.4', '1.0'),
(1004, 'Soupe des indes', '32.0', '0.0', '4.9', '2.0', '1.6', '1.9', '0.3'),
(1005, 'Délices Soufflés Nature', '227.0', '15.0', '15.0', '1.2', '1.5', '7.2', '1.0'),
(1006, 'Légumes pour couscous recette à l\'orientale', '28.0', '0.7', '3.3', '1.8', '1.6', '1.2', '0.6'),
(1007, 'Epicerie / Plats Et Produits Cuisinés / Soupes Bio', '33.0', '1.2', '3.3', '3.0', '1.5', '1.3', '0.5'),
(1008, 'Riste d\'aubergines', '115.0', '11.0', '3.8', '3.1', '0.0', '1.1', '0.8'),
(1009, 'Lentil vegetable soup', '65.0', '1.6', '9.9', '2.0', '1.9', '2.6', '0.7'),
(1010, 'vegan active', '387.0', '17.4', '31.0', '5.8', '7.1', '22.8', '0.5'),
(1011, '1 boîte Cassoulet (2 Pers.)', '105.0', '3.6', '9.3', '1.5', '3.3', '7.2', '0.9'),
(1012, 'BURGER LE ROSTI BOEUF EMMENTAL', '252.0', '11.0', '26.0', '4.0', '1.3', '12.0', '1.0'),
(1013, 'Velouté Potiron', '33.0', '1.4', '3.7', '1.8', '1.3', '0.7', '0.4'),
(1014, 'Velouté de Légumes', '354.0', '5.4', '67.0', '11.0', '6.7', '6.1', '5.7'),
(1015, 'Soupe velouté Régal Soupe Légumes du soleil', '41.0', '1.8', '4.5', '2.3', '1.5', '0.9', '0.6'),
(1016, 'Velouté de légumes verts U', '33.0', '1.2', '4.0', '0.7', '1.2', '0.8', '0.5'),
(1017, 'Vegetable', '80.0', '1.5', '15.0', '5.0', '3.0', '3.0', '1000.0'),
(1018, 'Haricots blancs cuisinés à la tomate', '82.0', '0.5', '12.0', '1.2', '5.1', '4.9', '0.9'),
(1019, 'Velouté De Légumes Bio', '45.0', '1.1', '7.5', '1.3', '0.0', '0.8', '0.7'),
(1020, 'Mouliné de 10  légumes', '23.0', '0.5', '4.3', '2.0', '1.0', '0.9', '0.7'),
(1021, 'Lentilles cuisinés', '74.0', '0.3', '10.0', '0.5', '3.2', '6.1', '0.6'),
(1022, 'Couscous aux 7 légumes', '53.0', '1.3', '8.1', '2.6', '0.0', '2.2', '1.0'),
(1023, 'Gratin dauphinois', '140.0', '8.6', '9.9', '0.5', '2.0', '4.8', '0.8'),
(1024, 'Lentilles préparées', '70.0', '0.0', '9.8', '0.3', '3.4', '6.0', '0.8'),
(1025, 'Mini gratins de légumes', '140.0', '9.2', '9.0', '3.2', '2.0', '4.1', '0.5'),
(1026, 'La poêlée rustique', '91.0', '3.3', '11.9', '0.8', '0.0', '1.9', '0.6'),
(1027, 'Haricots verts extra croquants cuits à la vapeur', '32.0', '0.3', '3.3', '1.0', '4.6', '1.7', '0.9'),
(1028, 'Haricots Verts Bio Légumes 100% Français', '31.0', '0.5', '3.0', '1.1', '3.2', '1.9', '0.4'),
(1029, 'Tikka Masala légumes et pois chiches', '76.0', '4.2', '6.8', '2.7', '0.0', '1.8', '0.2'),
(1030, '1 boîte Haricots blancs à la Tomate', '81.0', '0.5', '11.0', '1.1', '5.3', '5.7', '0.8'),
(1031, 'Mouliné aux 8 légumes', '33.0', '0.9', '5.1', '1.4', '0.9', '0.8', '0.6'),
(1032, 'Ezogelin soup', '62.0', '3.2', '6.4', '0.9', '0.0', '1.9', '0.8'),
(1033, 'bio velouté de tomates & pointe d\'origan', '28.0', '0.5', '4.7', '2.4', '1.0', '0.7', '0.7'),
(1034, '8 palets de légumes', '89.0', '3.6', '7.7', '3.1', '3.2', '4.9', '0.9'),
(1035, 'Velouté potimarron lait de coco 1L', '31.0', '1.1', '3.7', '1.7', '1.5', '0.9', '0.5'),
(1036, 'Soupe bio carottes', '33.0', '1.7', '3.5', '1.7', '1.3', '0.5', '0.5'),
(1037, 'Macédoine de légumes', '39.0', '0.3', '4.9', '0.8', '3.7', '2.2', '0.4'),
(1038, 'Soupe bien être bio', '25.0', '1.6', '1.9', '1.6', '0.0', '0.7', '0.5'),
(1039, 'Soupe butternut comte aop', '67.0', '3.4', '7.7', '1.3', '0.0', '2.2', '0.7'),
(1040, 'Fougasse olives', '298.0', '7.8', '46.0', '1.2', '3.5', '9.3', '1.3'),
(1041, 'Veloute De Carottes', '43.0', '3.1', '3.9', '0.1', '0.0', '0.4', '0.7'),
(1042, 'Délice d\'Automne à la Crème Fraîche', '38.0', '1.6', '4.9', '2.1', '0.8', '0.7', '0.7'),
(1043, 'Cup 7 légumes & fines herbes', '31.0', '1.7', '3.0', '2.2', '0.0', '0.7', '0.7'),
(1044, 'Velouté de jardinière de légumes', '31.0', '0.9', '4.4', '1.3', '1.4', '0.7', '0.7'),
(1045, 'Lentilles Vertes aux Petits Légumes', '75.0', '0.3', '13.0', '0.2', '0.0', '5.0', '1.0'),
(1046, 'Ratatouille à la Catalane', '92.0', '7.2', '5.3', '5.2', '0.0', '1.5', '0.5'),
(1047, 'Velouté de Légumes Variés', '36.0', '0.8', '5.6', '0.6', '1.5', '0.9', '0.6'),
(1048, 'Cassoulet toulousain, cuisiné à la graisse d\'oie', '123.0', '5.0', '8.6', '1.5', '4.0', '8.9', '0.8'),
(1049, 'Lentilles façon Petit Salé', '81.0', '0.5', '11.1', '0.3', '3.5', '6.2', '0.7'),
(1050, 'Fleurettes de brocolis au fromage ail et fines her', '97.0', '6.9', '3.7', '1.7', '1.8', '4.1', '0.7'),
(1051, 'Velouté de légumes', '0.0', '2.1', '4.9', '1.9', '1.0', '0.6', '0.7'),
(1052, 'Riga Sprats in Oil', '356.0', '32.0', '0.0', '0.0', '0.0', '17.0', '0.9'),
(1053, 'Ravioli, Pur Bœuf', '87.0', '2.1', '12.0', '1.9', '1.8', '4.2', '0.8'),
(1054, 'Couscous grains moyens', '0.0', '0.0', '0.0', '0.0', '0.0', '0.0', '0.0'),
(1055, 'Gaspacho tomate basilic', '33.0', '2.1', '2.2', '1.7', '1.1', '0.7', '0.1'),
(1056, 'Velouté de carottes à la crème', '30.0', '1.4', '2.5', '1.9', '1.5', '1.1', '0.8'),
(1057, 'Poivrons cuisinés au piment d\'espelette', '81.0', '4.3', '7.1', '7.0', '3.7', '1.5', '1.0'),
(1058, 'Gratin duo de choux', '81.0', '4.9', '4.3', '0.5', '2.0', '4.1', '0.5'),
(1059, 'Puree de brocolis cuisinee', '30.0', '1.0', '1.7', '1.0', '0.0', '2.0', '0.6'),
(1060, 'Purée De Carottes Cuisinée', '41.0', '1.1', '4.9', '2.5', '0.0', '1.1', '0.5'),
(1061, 'Passata - coulis de tomates - delicat et veloute', '42.0', '0.3', '8.3', '5.0', '0.0', '1.7', '0.5'),
(1062, 'Taboulé aux tomates fraîches.', '123.0', '2.8', '20.0', '2.7', '2.1', '3.7', '1.0'),
(1063, 'pizza 4  saisons', '191.0', '7.0', '24.0', '2.0', '2.0', '6.0', '0.9'),
(1064, 'Soupe thaï', '27.0', '1.3', '1.9', '1.4', '1.5', '1.2', '0.5'),
(1065, 'Purée de brocolis Agriplus', '23.0', '0.0', '1.4', '0.7', '3.2', '2.7', '0.0'),
(1066, 'Purée de carottes', '31.0', '0.0', '5.2', '5.0', '3.5', '0.9', '0.1'),
(1067, 'Ratatouille cuisinée bio', '39.0', '1.8', '3.5', '3.5', '1.9', '1.2', '0.4'),
(1068, 'Lentilles cuisinées à l\'Auvergnate', '111.0', '3.6', '11.0', '1.2', '3.6', '6.6', '0.8'),
(1069, 'Piperade Basquaise', '56.0', '1.1', '9.8', '6.7', '1.8', '0.7', '1.0'),
(1070, 'Cuite sur pierre Margherita', '210.0', '5.0', '31.0', '4.2', '0.0', '8.9', '0.9'),
(1071, 'Pizza margherita 100% mozzarella (2+1)', '232.0', '6.7', '31.0', '2.6', '0.0', '11.0', '3.2'),
(1072, 'Pizza Margherita', '265.0', '10.0', '30.0', '1.0', '0.0', '12.0', '0.4'),
(1073, 'BERTRAND VEGAN', '386.0', '19.0', '35.1', '6.5', '8.8', '14.3', '0.5'),
(1074, 'Purée cuisinée à la carotte', '47.0', '2.0', '5.1', '3.9', '2.6', '0.8', '0.1'),
(1075, 'Mouliné de légumes variés', '35.0', '1.1', '4.6', '1.5', '1.2', '1.1', '0.6'),
(1076, 'Courgettes cuisinées curry', '47.0', '2.2', '5.1', '3.5', '1.1', '1.3', '0.8'),
(1077, 'Velouté aux poireaux et aux pommes de terre', '28.0', '0.6', '4.3', '1.8', '0.9', '0.8', '0.6'),
(1078, 'Gaspacho', '50.0', '2.7', '4.0', '2.8', '1.5', '1.3', '0.7'),
(1079, 'Bio Gazpacho', '51.0', '2.9', '4.8', '3.4', '1.3', '0.7', '1.0'),
(1080, 'Velouté de 8 Légumes', '44.0', '2.1', '5.3', '2.0', '0.9', '0.6', '0.6'),
(1081, 'Ratatouille', '95.0', '8.1', '4.0', '3.0', '1.5', '0.9', '0.6'),
(1082, 'Boudins blancs aux morilles', '259.0', '23.0', '4.0', '1.5', '1.0', '9.0', '1.5'),
(1083, 'Ratatouille provencale 4/4', '0.0', '2.0', '5.1', '4.2', '1.5', '1.4', '0.8'),
(1084, 'Haricots blancs cuisinés à l\'Auvergnate', '92.0', '1.5', '11.0', '0.6', '5.3', '5.9', '0.8'),
(1085, 'Velouté légumes de nos campagnes de France', '33.0', '1.2', '4.1', '1.6', '1.4', '0.8', '0.6'),
(1086, 'Cassoulet', '115.0', '5.3', '8.0', '1.2', '0.0', '7.0', '0.9'),
(1087, 'Les lentilles', '74.0', '0.7', '9.8', '0.5', '3.2', '5.6', '0.6'),
(1088, 'Dinkel Couscous Probios', '344.0', '2.8', '62.0', '2.3', '9.2', '13.0', '0.0'),
(1089, 'Velouté de légumes saveurs du sud bio', '0.0', '1.8', '4.5', '2.3', '2.2', '0.9', '0.6'),
(1090, 'Velouté courgettes Bio', '26.0', '1.9', '1.3', '1.3', '1.0', '0.5', '0.7'),
(1091, 'Pasta Soup\' - Légumes et vermicelles', '38.0', '1.1', '5.4', '1.4', '0.9', '1.0', '0.7'),
(1092, 'Velouté de tomates', '36.0', '0.8', '6.0', '3.4', '0.8', '0.7', '0.5'),
(1093, 'Quinoa façon risotto aux légumes verts', '91.0', '5.9', '6.4', '1.3', '1.5', '2.3', '1.0'),
(1094, 'Bouillon de Tomates & Vermicelles', '26.0', '0.2', '5.3', '2.0', '0.4', '0.6', '0.7'),
(1095, 'La poêlée pour poisson', '31.0', '0.3', '4.9', '2.9', '2.1', '1.3', '0.2'),
(1096, 'Gaspacho Vert', '34.0', '2.6', '1.5', '1.2', '0.8', '0.7', '0.7'),
(1097, 'Boudin blanc au porto', '272.0', '24.0', '6.2', '3.6', '0.0', '8.1', '1.6'),
(1098, 'Soupe de courge', '34.0', '2.5', '2.3', '1.9', '0.5', '0.5', '0.8'),
(1099, 'Purée de Pomme de Terre en Flocons', '63.0', '0.5', '12.0', '1.4', '0.0', '2.0', '0.0'),
(1100, 'Taboulé oriental à la menthe douce', '170.0', '6.8', '22.0', '4.3', '0.0', '3.3', '1.1'),
(1101, 'Pizza tartiflette', '236.0', '9.7', '27.0', '1.6', '1.7', '9.2', '0.9'),
(1102, 'Délices Soufflés BIO Nature', '219.0', '13.0', '17.0', '1.4', '2.1', '7.4', '1.0'),
(1103, 'Veloutés de légumes du soleil', '44.0', '2.2', '4.3', '3.1', '0.0', '1.2', '0.6'),
(1104, 'Aubergines à la provencale', '129.0', '11.0', '5.5', '5.2', '0.0', '1.1', '1.2'),
(1105, 'Pommes Croustine', '82.0', '0.5', '18.0', '0.5', '2.0', '1.5', '0.5'),
(1106, 'Tomato & Red Pepper Soup with Yorkshire Wensleydal', '42.0', '2.0', '3.3', '0.3', '0.0', '1.9', '0.6'),
(1107, 'Velouté de 10 légumes', '43.0', '1.6', '5.2', '1.3', '0.8', '0.7', '0.7'),
(1108, 'Knorr Soupe Velouté de Tomates', '35.0', '0.8', '5.9', '3.3', '0.5', '0.7', '0.7'),
(1109, 'Petit salé aux lentilles BIO', '97.0', '2.9', '7.6', '0.5', '0.0', '8.8', '0.7'),
(1110, 'Poulet & Rostis sauce emmental & parmesan', '169.0', '7.4', '8.0', '0.5', '1.4', '14.0', '0.9'),
(1111, 'Velouté de Légumes saveur du Sud', '32.0', '1.5', '3.5', '2.6', '1.2', '0.6', '0.6'),
(1112, 'Boudins blancs aux Cèpes', '258.0', '23.0', '4.3', '1.5', '1.0', '8.5', '1.4'),
(1113, '20 Crêpes Jambon Emmental', '118.0', '2.2', '17.0', '2.8', '0.9', '7.1', '0.9'),
(1114, 'Gaspacho original Bio', '40.0', '2.4', '2.9', '2.9', '1.6', '0.7', '0.8'),
(1115, 'Cassoulet classic', '125.0', '5.8', '8.1', '0.7', '4.0', '8.0', '0.8'),
(1116, 'Légumes et vermicelles', '37.0', '1.2', '5.1', '1.2', '1.0', '1.0', '0.7'),
(1117, 'Gazpacho, doux', '20.0', '0.2', '3.3', '2.4', '0.7', '0.8', '1.0'),
(1118, 'Mouliné de légumes variés', '35.0', '1.0', '5.5', '2.5', '1.5', '0.5', '0.6'),
(1119, 'Mouliné d\'antan aux légumes verts Bio', '24.0', '1.3', '1.8', '1.3', '1.1', '0.8', '0.6'),
(1120, 'Gratin Dauphinois aux lardons fumés', '162.0', '9.4', '15.0', '1.1', '1.5', '3.5', '0.6'),
(1121, 'Riste d\'Aubergines', '115.0', '11.0', '3.8', '3.1', '0.0', '1.1', '0.8'),
(1122, 'Velouté de poireaux et pommes de terre Bio', '34.0', '1.9', '2.8', '1.0', '1.2', '0.7', '0.6'),
(1123, 'Gratin dauphinois Cote Table', '148.0', '9.8', '10.0', '1.9', '1.4', '3.9', '0.8'),
(1124, 'Gratin d\'aubergine à la provençale', '126.0', '9.9', '6.2', '3.4', '1.4', '2.2', '0.5'),
(1125, 'Gaspacho', '52.0', '3.1', '4.3', '4.1', '2.2', '0.5', '0.5'),
(1126, '21', '0.0', '12.0', '35.3', '16.5', '15.0', '27.2', '0.9'),
(1127, 'Mouliné aux légumes', '31.0', '0.5', '6.2', '1.5', '0.9', '0.5', '0.6'),
(1128, 'CASSOULET', '113.0', '5.0', '8.2', '0.6', '3.7', '7.0', '1.0'),
(1129, 'Pizza au chèvre cuite au feu de bois', '239.0', '9.8', '29.0', '4.7', '0.0', '7.5', '1.0'),
(1130, 'Crème d\'Asperges', '16.0', '0.5', '3.9', '0.5', '0.5', '0.5', '0.7'),
(1131, 'Mouliné', '36.0', '1.0', '5.7', '0.7', '0.5', '0.8', '0.7'),
(1132, 'Cassoulet de Castelnaudary', '161.0', '8.7', '7.3', '0.5', '4.1', '11.2', '0.9'),
(1133, 'Barszcz ukrainski', '47.0', '1.3', '7.8', '0.0', '0.9', '2.2', '880.0'),
(1134, 'Cassoulet de Toulouse', '144.0', '6.1', '8.6', '0.6', '3.1', '12.0', '0.8'),
(1135, 'Cassoulet à la saucisse de Toulouse', '149.0', '8.5', '8.1', '0.5', '3.0', '8.6', '1.0'),
(1136, 'Cassoulet de Castelnaudary', '143.0', '7.4', '6.8', '3.0', '3.8', '10.0', '0.7'),
(1137, 'Mijoté aubergines et tomates', '53.0', '3.6', '3.2', '2.7', '1.9', '1.1', '0.5'),
(1138, 'Macédoine', '52.0', '0.5', '8.6', '1.8', '3.8', '2.4', '0.5'),
(1139, 'Velouté légumes variés du Potager bio', '33.0', '1.2', '4.1', '1.6', '1.4', '0.8', '0.6'),
(1140, 'Lentilles du lauragais', '122.0', '4.9', '12.0', '0.6', '3.5', '6.1', '1.0'),
(1141, 'Velouté de Legumes du Soleil', '36.0', '1.7', '3.7', '2.2', '1.2', '0.8', '0.6'),
(1142, 'Grinioc Riz, lentilles et colombo', '227.0', '10.0', '26.0', '1.5', '5.5', '5.5', '1.0'),
(1143, 'bio velouté de légumes du soleil', '40.0', '1.7', '4.9', '2.6', '0.9', '0.9', '0.7'),
(1144, 'Palets de légumes - Poireaux, carottes, pommes de ', '111.0', '6.5', '11.0', '2.8', '2.9', '2.2', '0.8'),
(1145, 'Soupe de potiron et pointe de châtaigne', '30.0', '0.5', '4.5', '3.1', '0.8', '1.4', '0.5'),
(1146, 'Mouliné de Légumes Anciens BIO', '36.0', '0.5', '5.8', '1.4', '2.4', '0.9', '0.7'),
(1147, 'Cassoulet de Castelnaudary au Confit de Canard', '144.0', '7.0', '9.2', '0.3', '0.0', '11.0', '1.1'),
(1148, 'Cassoulet à la saucisse de Toulouse cuisiné à la g', '133.0', '6.9', '7.3', '0.6', '4.2', '8.4', '0.8'),
(1149, 'Lentilles cuisinées bio fondue d\'oignons', '77.0', '1.5', '8.8', '1.1', '3.7', '5.1', '0.7'),
(1150, 'Les Tendres Carrés blé, petits pois, courgette & c', '201.0', '8.0', '18.0', '4.0', '4.5', '12.0', '1.0'),
(1151, '3 Pizzas Margherita', '179.0', '4.5', '28.0', '2.1', '3.2', '5.1', '1.2'),
(1152, 'Cassoulet au confit de canard sauce au foie gras', '165.0', '10.0', '5.9', '1.1', '0.0', '11.0', '0.9'),
(1153, 'Raviolis légumes sauce Toscane', '83.0', '1.7', '14.0', '2.6', '0.0', '2.4', '0.8');
INSERT INTO `aliment` (`ID_ALIMENT`, `NOM_ALIMENT`, `ENERGIE`, `LIPIDES`, `GLUCIDES`, `SUCRE`, `FIBRES`, `PROTEINES`, `SEL`) VALUES
(1154, 'Carottes râpées assaisonnées', '53.0', '2.5', '5.0', '5.0', '3.0', '1.0', '0.5'),
(1155, 'Pizza margherita', '216.0', '7.1', '27.0', '2.7', '1.7', '10.0', '0.9'),
(1156, 'Cassoulet aux haricots blanc', '111.0', '4.8', '7.7', '0.6', '4.1', '7.1', '0.9'),
(1157, 'Régal soupe Le Mouliné Poireaux & St Jacques', '43.0', '1.5', '5.2', '1.8', '1.6', '1.4', '0.7'),
(1158, 'Saucisses de Montbéliard - Lentilles cuisinées', '165.0', '11.0', '6.5', '0.5', '2.7', '8.7', '0.8'),
(1159, 'Epicerie / Plats Et Produits Cuisinés / Légumes Cu', '56.0', '3.4', '4.1', '3.5', '2.0', '1.2', '0.6'),
(1160, 'Saucisses de Toulouse Label Rouge aux lentilles ve', '178.0', '10.5', '11.1', '0.3', '0.0', '9.8', '0.9'),
(1161, 'Taboulé oriental', '174.0', '6.0', '25.0', '3.5', '2.0', '4.0', '0.9'),
(1162, 'Ratatouille Bio', '74.0', '5.1', '5.1', '4.3', '1.7', '1.1', '0.7'),
(1163, 'Chakchouka', '0.0', '0.0', '0.0', '0.0', '0.0', '0.0', '0.0'),
(1164, 'soupe à la chinoise', '20.0', '0.4', '3.2', '0.8', '0.6', '0.6', '0.8'),
(1165, 'Gaspacho vert', '32.0', '2.0', '2.1', '2.1', '1.1', '0.9', '0.5'),
(1166, 'sauce tomate et aubergines grillées', '0.0', '0.0', '0.0', '0.0', '0.0', '0.0', '0.0'),
(1167, 'Mon gratin legumes du soleil', '63.0', '3.4', '5.0', '3.9', '0.0', '2.1', '0.6'),
(1168, 'Pommes Périgord aux Cèpes', '177.0', '12.0', '14.0', '0.8', '2.3', '2.2', '0.4'),
(1169, 'Taboulé oriental sauce vinaigrette', '167.0', '7.2', '21.0', '3.0', '1.9', '3.7', '0.5'),
(1170, 'Déli Soup\' Brocoli Ciboulette', '26.0', '1.1', '2.5', '0.7', '0.9', '1.1', '0.7'),
(1171, 'Polish Ham', '42.0', '1.8', '4.2', '3.9', '2.7', '0.9', '0.5'),
(1172, 'Macédoine De Légumes', '51.0', '1.6', '7.2', '1.7', '2.8', '3.7', '0.0'),
(1173, '20 crêpes Jambon Emmental', '171.0', '6.9', '20.0', '3.7', '0.7', '6.9', '1.1'),
(1174, 'Celeri remoulade', '102.0', '9.0', '2.5', '1.5', '2.5', '1.5', '1.0'),
(1175, 'Tropicana orange without pulp', '41.0', '0.0', '9.3', '8.4', '0.6', '0.8', '0.0'),
(1176, 'Velouté Saveurs du sud', '0.0', '1.8', '4.5', '2.3', '2.2', '0.9', '0.6'),
(1177, 'Mijoté haricots blancs à la provençale', '86.0', '3.2', '7.4', '6.0', '6.0', '3.8', '0.6'),
(1178, 'Douceur Potiron', '38.0', '1.9', '3.9', '2.2', '0.9', '0.7', '0.7'),
(1179, 'Ravioli légumes Veggie', '71.0', '2.0', '9.4', '1.1', '2.6', '2.5', '0.6'),
(1180, 'Chicken ramen', '115.0', '1.1', '16.8', '2.4', '1.3', '10.1', '1.6'),
(1181, 'Carottes râpées', '72.0', '4.5', '5.2', '4.8', '3.1', '1.0', '0.6'),
(1182, 'Carottes râpées bio', '89.0', '7.3', '4.2', '3.6', '2.0', '0.7', '0.6'),
(1183, 'Purée nature - Purée de pommes de terre en flocons', '351.0', '0.6', '76.0', '0.8', '4.6', '8.0', '0.2'),
(1184, 'Gaspacho avocat, brins de ciboulette & citron', '53.0', '3.7', '3.6', '1.6', '0.0', '1.4', '0.8'),
(1185, 'Petit salé aux lentilles', '156.0', '9.1', '6.8', '0.8', '0.0', '11.7', '0.7'),
(1186, 'Piperade Basquaise', '47.0', '0.8', '7.9', '6.6', '0.0', '1.0', '1.0'),
(1187, 'Lentilles Carottes Lardons Oignons', '95.0', '2.8', '9.8', '0.9', '3.4', '5.9', '1.0'),
(1188, 'Haricots blancs à la tomate', '82.0', '0.5', '12.0', '1.2', '5.1', '4.9', '0.9'),
(1189, 'Mini gratin aux pommes de terre bolets et cèpes', '154.0', '6.2', '11.0', '2.7', '1.6', '4.0', '0.7'),
(1190, 'FibreExtra', '402.0', '9.6', '61.0', '6.1', '14.0', '11.0', '1.7'),
(1191, 'Velouté de poireaux pommes de terre', '28.0', '0.9', '4.3', '1.2', '0.0', '0.8', '0.0'),
(1192, 'Guiness Rich Chilli', '513.0', '29.7', '52.7', '2.1', '4.9', '6.2', '1.2'),
(1193, 'Heinz beans original', '140.0', '0.5', '28.0', '9.0', '5.0', '7.0', '1.0'),
(1194, 'Gazpacho soupe froide', '43.0', '2.9', '2.9', '2.9', '1.4', '0.6', '70.0'),
(1195, 'Taboulé tomates basilic', '0.0', '0.0', '0.0', '0.0', '0.0', '0.0', '0.0'),
(1196, 'Préparation déshydratée pour l\'Aligot d\'Aveyron', '477.0', '25.0', '36.0', '1.1', '0.0', '25.0', '3.6'),
(1197, 'Macédoine de légumes', '39.0', '0.3', '4.9', '0.8', '3.7', '2.2', '0.8'),
(1198, 'Ravioli végétariens', '76.0', '1.7', '12.0', '4.4', '0.0', '2.0', '0.8'),
(1199, 'Saucisses aux Lentilles', '109.0', '5.8', '7.6', '0.8', '0.0', '6.6', '0.8'),
(1200, 'Potiron, Carottes et Vermicelles', '30.0', '0.5', '5.3', '1.4', '0.8', '0.7', '0.7'),
(1201, 'Crêpes jambon emmental', '157.0', '6.9', '17.0', '4.4', '2.1', '5.6', '0.9'),
(1202, 'Soupe Bio de Courgette, chèvre frais & basilic', '32.0', '1.1', '3.0', '1.7', '0.8', '2.0', '0.6'),
(1203, 'Hak Haricots Blancs a La Sauce Tomate', '95.0', '0.6', '14.9', '4.6', '0.0', '5.1', '0.7'),
(1204, 'Raviolis au boeuf BIO', '117.0', '4.6', '14.0', '3.2', '1.5', '4.1', '0.9'),
(1205, 'Taboulé à la menthe', '117.0', '2.4', '18.0', '2.5', '3.1', '4.0', '0.7'),
(1206, 'Le savoureux VELOUTE DE POIREAUX POMMES DE TERRE', '34.0', '1.1', '4.3', '1.4', '1.2', '1.0', '0.6'),
(1207, 'Le savoureux VELOUTE DE TOMATES', '36.0', '0.8', '6.0', '3.4', '0.8', '0.7', '0.5'),
(1208, 'Velouté de légumes du Soleil 1L BIO', '32.0', '1.5', '3.5', '2.6', '1.2', '0.6', '0.5'),
(1209, 'La délicieuse RECETTE AUX LEGUMES VERTS & COMTE FO', '40.0', '1.7', '4.1', '0.9', '1.3', '1.5', '0.6'),
(1210, 'Taboulé oriental légumes et raisins secs', '173.0', '5.4', '26.0', '6.7', '1.8', '4.1', '0.4'),
(1211, 'Velouté de légumes et légumes verts au Comté fondu', '40.0', '1.5', '4.8', '0.8', '1.3', '1.2', '0.5'),
(1212, 'Le savoureux VELOUTE DE TOMATES', '36.0', '0.8', '6.0', '3.4', '0.8', '0.7', '0.5'),
(1213, 'Taboulé à l\'orientale bio', '205.0', '7.8', '28.0', '6.2', '0.0', '4.7', '0.8'),
(1214, 'Larnaudie véritable cassoulet castelnaudary au por', '125.0', '6.1', '6.8', '0.4', '3.9', '8.7', '1.1'),
(1215, 'Coleslaw', '106.0', '8.5', '5.5', '5.5', '2.2', '0.8', '1.1'),
(1216, 'Cassoulet', '125.0', '5.8', '8.1', '0.7', '4.0', '8.0', '0.8'),
(1217, 'Gaspacho', '27.0', '1.7', '2.0', '1.9', '0.7', '0.6', '0.8'),
(1218, 'Concombres Au fromage blanc et Ciboulette', '79.0', '7.2', '1.9', '1.9', '1.3', '1.0', '0.7'),
(1219, 'Velouté de carottes', '30.0', '0.9', '4.3', '1.8', '0.9', '0.7', '0.5'),
(1220, 'Velouté de poireaux pommes de terre', '19.0', '0.5', '3.6', '1.0', '0.5', '0.5', '1.0'),
(1221, 'Mouliné de 7 légumes BIO', '32.0', '1.3', '3.8', '1.1', '0.0', '0.6', '0.6'),
(1222, 'Boulgour aux pois chiches et haricots rouges', '172.0', '6.9', '24.0', '4.0', '0.0', '3.0', '1.7'),
(1223, 'Gaspacho tomates et cerises bigarreau', '72.0', '2.7', '11.0', '10.2', '0.0', '1.3', '0.9'),
(1224, 'Velouté de tomates aux herbes', '26.0', '0.6', '3.9', '3.2', '1.2', '0.7', '0.6'),
(1225, 'Risosuriso leggeri e croccanti solo riso integrale', '437.0', '11.5', '70.0', '2.0', '3.5', '11.5', '1.9'),
(1226, 'Carottes Râpées', '115.0', '9.7', '4.8', '2.6', '2.9', '0.6', '0.6'),
(1227, 'Parmentier végétal', '121.0', '6.8', '10.6', '1.6', '1.6', '3.6', '3.0'),
(1228, 'Quartier de racine rouge', '43.0', '0.0', '8.0', '8.0', '2.6', '1.5', '0.2'),
(1229, 'Tarte légumes du soleil', '186.0', '8.3', '23.1', '3.7', '2.2', '3.8', '1.0'),
(1230, 'Couscous aux 9 légumes', '117.0', '1.2', '21.0', '2.4', '2.5', '4.3', '0.6'),
(1231, 'Bagel saumon fumé - fromage frais - ciboulette', '300.0', '14.0', '32.0', '3.0', '2.6', '10.0', '1.1'),
(1232, 'tamoule semoule de sarrasin', '0.0', '0.0', '0.0', '0.0', '0.0', '0.0', '0.0'),
(1233, 'Pizza Tomates Mozzarella Olives', '200.0', '7.8', '25.0', '3.7', '2.6', '6.2', '1.2'),
(1234, 'Frais Minute Fusilli à la Carbonara', '240.0', '13.0', '22.0', '2.2', '3.5', '7.1', '0.8'),
(1235, 'Gaspacho Tomate-Concombre', '35.0', '2.5', '2.6', '1.9', '1.1', '0.6', '0.4'),
(1236, 'Macédoine de légumes', '43.0', '0.0', '5.0', '2.0', '5.0', '3.0', '0.0'),
(1237, 'Quadrotti gorgonzola e noci', '261.0', '10.0', '30.0', '0.8', '1.4', '12.0', '1.1'),
(1238, 'Velouté aux poireaux et aux pommes de terre', '25.0', '0.0', '5.3', '0.8', '0.8', '0.6', '0.6'),
(1239, 'Piperade', '74.0', '4.2', '7.7', '7.6', '0.0', '1.5', '0.8'),
(1240, 'Mouliné de Légumes Variés', '37.0', '0.9', '5.9', '1.4', '1.1', '0.9', '0.7'),
(1241, 'Tortellini Jambon cru et Beaufort', '291.0', '8.3', '39.0', '1.3', '2.0', '14.0', '1.1'),
(1242, 'Maxi Délices Soufflés Nature', '227.0', '15.0', '15.0', '1.2', '1.5', '7.2', '1.0'),
(1243, 'Le cassoulet au confit d\'oie de Castelnaudary cuis', '149.0', '8.2', '7.5', '0.3', '4.1', '9.2', '0.7'),
(1244, 'Velouté de 5 légumes, bio', '28.0', '0.9', '3.7', '2.4', '1.3', '0.5', '0.6'),
(1245, 'Cassoulet', '117.0', '5.2', '7.9', '0.8', '0.0', '7.5', '1.0'),
(1246, 'Velouté de poireaux et pommes de terre', '110.0', '5.7', '12.0', '0.8', '1.8', '2.3', '1.6'),
(1247, 'Salsifis', '28.0', '0.2', '4.1', '1.4', '2.7', '1.1', '0.7'),
(1248, 'Ravioli aux légumes bio', '0.0', '1.7', '15.0', '4.2', '1.6', '2.8', '1.0'),
(1249, 'Taboulé', '174.0', '6.0', '24.5', '5.0', '2.0', '1.1', '1.1'),
(1250, 'Choucroute Garnie d\'Alsace', '125.0', '11.0', '0.0', '0.0', '2.6', '5.6', '1.2'),
(1251, 'Velouté de cèpes et bolets', '0.0', '1.4', '3.8', '0.9', '0.5', '0.9', '0.8'),
(1252, 'Cassoulet au confit d\'oie façon Castelnaudary', '167.0', '8.7', '12.6', '1.1', '0.0', '11.4', '0.8'),
(1253, 'Velouté Surgelé Aux 5 Légumes', '42.0', '2.7', '3.3', '0.5', '0.8', '0.6', '0.4'),
(1254, 'Ravioli pur bœuf', '85.0', '2.0', '12.0', '2.7', '1.5', '4.0', '0.7'),
(1255, 'Falafel', '0.0', '22.1', '24.3', '1.2', '0.0', '10.3', '1.0'),
(1256, 'Soupe Potimarron', '15.0', '0.5', '1.9', '0.4', '0.7', '0.4', '0.4'),
(1257, 'Cinq légumes', '62.0', '2.6', '7.7', '4.2', '0.0', '1.2', '1.1'),
(1258, 'Mouliné aux Légumes & vermicelles', '37.0', '1.0', '5.2', '1.8', '1.4', '1.1', '0.6'),
(1259, 'Carottes Rapées assaisonnées', '71.0', '4.0', '6.3', '5.4', '2.7', '0.9', '0.6'),
(1260, 'Poêlée à la parisienne BIO', '65.0', '1.7', '8.9', '2.6', '3.2', '2.0', '0.4'),
(1261, 'Mouliné de légumes', '23.0', '0.5', '4.3', '2.0', '1.0', '0.9', '0.7'),
(1262, 'Velouté aux Panais & courgettes', '41.0', '2.2', '3.8', '1.7', '1.2', '0.8', '0.6'),
(1263, 'Spaghetti', '358.0', '1.3', '74.0', '3.3', '3.0', '11.0', '0.0'),
(1264, 'taboule', '368.0', '4.7', '60.4', '6.3', '7.4', '16.7', '2.3'),
(1265, 'Soupe 8 légumes Bio', '30.0', '0.7', '4.4', '1.7', '1.6', '0.9', '0.4'),
(1266, 'Mix\'galettes sarrazin et lentilles', '350.0', '4.9', '57.4', '2.1', '10.4', '13.8', '0.0'),
(1267, 'Haricots blancs à la tomate', '76.0', '0.8', '9.1', '0.9', '5.0', '5.5', '0.7'),
(1268, '8 palets de légumes', '95.0', '4.8', '6.8', '2.7', '0.0', '4.7', '0.6'),
(1269, 'Gnocchi Aux pommes de terre', '160.0', '0.5', '35.0', '0.5', '1.9', '3.0', '1.5'),
(1270, 'Gratin choux fleurs', '84.0', '5.2', '4.5', '2.8', '1.8', '3.8', '0.6'),
(1271, 'Petit salé aux lentilles', '100.0', '3.4', '7.9', '0.5', '2.3', '8.3', '1.0'),
(1272, 'Mouliné de nos campagnes', '29.0', '0.9', '3.8', '1.5', '1.3', '0.8', '0.6'),
(1273, 'Carottes râpées au jus de citron', '104.0', '6.8', '8.7', '4.2', '2.0', '0.9', '0.8'),
(1274, 'Flageolets cuisinées à l\'Auvergnate', '71.0', '1.4', '8.5', '1.7', '5.2', '3.4', '0.8'),
(1275, 'Minestrone Soup', '44.0', '1.0', '6.3', '2.6', '1.4', '1.8', '0.4'),
(1276, 'Purée saveur', '377.0', '5.4', '70.0', '5.0', '4.0', '9.2', '1.8'),
(1277, 'Lentilles préparées', '94.0', '0.5', '13.0', '0.5', '4.2', '7.1', '0.5'),
(1278, 'Lentilles cuisinées à la créole - 800 g - Royal Bo', '0.0', '0.0', '0.0', '0.0', '0.0', '0.0', '0.0'),
(1279, 'Gratin de coquillettes au jambon et à l\'emmental', '166.0', '8.1', '14.3', '1.1', '1.0', '8.4', '0.7'),
(1280, 'Tartiflette', '0.0', '4.1', '9.2', '0.7', '1.5', '3.3', '0.6'),
(1281, 'Cassoulet gastronomique', '175.0', '7.9', '9.6', '0.9', '0.0', '14.0', '1.0'),
(1282, 'Velouté Potiron & Châtaigne', '28.0', '0.9', '4.1', '1.3', '0.6', '0.5', '0.6'),
(1283, 'Tortelli asparagi', '273.0', '9.8', '36.0', '3.1', '2.0', '9.3', '1.2'),
(1284, 'Riste d\'aubergines', '162.0', '15.0', '5.6', '4.1', '3.1', '1.2', '0.5'),
(1285, 'Purée de Pommes de Terre en flocons', '357.0', '0.6', '77.0', '0.7', '9.5', '7.7', '0.1'),
(1286, 'Kürbis-Crèmesuppe', '26.0', '0.5', '4.5', '1.5', '0.5', '1.0', '0.9'),
(1287, 'Coleslaw', '110.0', '8.0', '7.5', '6.0', '2.0', '1.0', '0.8'),
(1288, 'Choucroute garnie d’Alsace VPF VBF 700g', '133.0', '10.0', '4.6', '0.5', '1.9', '5.3', '1.0'),
(1289, 'Coleslaw à la moutarde à l\'ancienne', '128.0', '11.0', '4.4', '1.7', '1.9', '1.1', '1.0'),
(1290, 'Lentilles a la sauce tomate', '96.0', '2.7', '6.9', '4.7', '2.0', '0.0', '1.0'),
(1291, 'Ratatouille', '69.0', '4.1', '5.7', '4.6', '2.0', '1.2', '0.7'),
(1292, 'Chargement…', '480.0', '22.0', '57.0', '2.7', '2.9', '12.0', '2.1'),
(1293, 'Velouté de tomate au thym', '33.0', '2.1', '2.6', '2.3', '0.5', '0.6', '0.6'),
(1294, 'VELOUTÉ AUX Épinards et Artichauts Et pointe de cr', '48.0', '2.5', '5.1', '0.8', '0.9', '0.8', '0.6'),
(1295, 'Soupe Patate Douce, Châtaigne, infusion badiane', '88.0', '2.2', '16.7', '6.6', '0.0', '1.3', '0.7'),
(1296, 'Soupe de légumes d’été', '43.0', '2.3', '4.8', '0.0', '0.0', '0.9', '0.7'),
(1297, 'Couscous Complet Bio de France', '360.0', '2.0', '70.0', '3.0', '6.0', '12.5', '0.0'),
(1298, 'Purée cuisinée Au brocoli', '43.0', '1.4', '4.3', '1.1', '2.2', '2.1', '0.0'),
(1299, 'Falafel', '0.0', '0.0', '0.0', '0.0', '0.0', '0.0', '0.0'),
(1300, 'Choucroute à la bernoise, crue', '21.0', '0.3', '0.8', '0.8', '2.2', '1.5', '1.5'),
(1301, 'Velouté deux céleris', '0.0', '0.0', '0.0', '0.0', '0.0', '0.0', '0.0'),
(1302, 'Haricots blanc à la tomate', '77.0', '0.4', '10.5', '0.5', '0.0', '5.3', '0.9'),
(1303, 'Velouté Légumes', '0.0', '0.0', '0.0', '0.0', '0.0', '0.0', '0.8'),
(1304, 'Bio Purée de pomme de terre Mifloc', '116.0', '4.5', '16.0', '1.5', '1.5', '2.0', '0.5'),
(1305, 'Suprême Potiron aux croûtons', '54.0', '1.7', '7.9', '2.5', '0.5', '1.2', '0.6'),
(1306, 'Gaspacho vert d\'Auvergne', '57.0', '5.1', '1.7', '1.2', '0.6', '0.6', '0.7'),
(1307, 'Gaspacho rouge d\'Auvergne', '61.0', '5.1', '2.3', '1.9', '0.9', '0.7', '0.6'),
(1308, 'Ratatouille', '71.0', '4.8', '5.3', '4.8', '1.1', '1.1', '1.1'),
(1309, 'Soupe carotte céleri navets Bio', '27.0', '1.9', '2.2', '1.9', '0.0', '0.4', '0.6'),
(1310, 'Velouté de légumes', '45.0', '1.6', '6.5', '2.3', '0.0', '0.9', '0.9'),
(1311, 'Fine ratatouille au thon fumé', '133.0', '8.9', '7.0', '3.6', '0.0', '5.1', '1.1'),
(1312, 'taboulé Jean Martin', '0.0', '4.7', '21.0', '3.2', '1.9', '4.0', '0.6'),
(1313, 'Taboulé Libanais au quinoa et houmous', '134.0', '6.8', '13.7', '3.3', '2.9', '4.6', '0.9'),
(1314, 'Soupe froide \"La Verte\"', '20.0', '1.1', '2.4', '1.0', '0.0', '0.5', '0.7'),
(1315, 'Soupe froide \"La Rouge\"', '27.0', '1.4', '2.1', '2.0', '0.0', '0.7', '0.5'),
(1316, 'Soupe froide \"La Rouge\"', '27.0', '1.4', '2.1', '2.0', '0.0', '0.7', '0.5'),
(1317, 'Weight watchers Soupe de légumes asiatique', '22.0', '0.5', '2.2', '0.7', '0.9', '1.6', '0.9'),
(1318, 'saucisses de Toulouse aux lentilles', '0.0', '0.0', '0.0', '0.0', '0.0', '0.0', '0.0'),
(1319, 'Saint Eloi velouté 8 légumes', '0.0', '6.0', '16.0', '5.4', '0.0', '2.1', '2.1'),
(1320, 'Fèves Cuites', '100.0', '0.5', '18.0', '0.0', '0.0', '7.3', '0.0'),
(1321, 'Boulgour & Pois chiches Légumes du potager', '368.0', '4.6', '64.0', '5.1', '9.3', '13.0', '1.0'),
(1322, 'Quenelle artisanale Petit Epeautre bio', '0.0', '0.0', '0.0', '0.0', '0.0', '0.0', '0.0'),
(1323, 'Tarte fine aux legumes du soleil', '240.0', '15.0', '20.0', '1.2', '0.0', '5.4', '0.9'),
(1324, 'Gratin façon raclette et jambon fumé', '130.0', '7.4', '9.5', '1.5', '0.0', '5.4', '0.6'),
(1325, 'Lentilles', '94.0', '0.7', '13.0', '0.5', '5.6', '7.1', '0.5'),
(1326, 'Pur Soup\' Velouté de légumes', '0.0', '2.1', '5.3', '2.4', '0.8', '0.8', '0.8'),
(1327, 'Purée qu’c’est bon ! de patate douce', '77.0', '2.1', '11.8', '5.8', '2.5', '2.2', '0.4'),
(1328, 'Trio de céréales', '158.0', '4.1', '20.9', '0.9', '5.6', '6.6', '1.0'),
(1329, 'Choucroute à garnir', '0.0', '0.0', '0.0', '0.0', '0.0', '0.0', '0.0'),
(1330, 'PurSoup\' - Velouté de Poireaux Pommes de Terre et ', '47.0', '2.5', '4.8', '0.8', '0.7', '1.0', '0.8'),
(1331, 'Ratatouille recette provençale', '0.0', '3.8', '4.2', '2.7', '1.8', '1.2', '0.7'),
(1332, 'Velouté de 9 légumes', '0.0', '1.9', '5.7', '2.0', '1.1', '0.7', '0.8'),
(1333, 'Cassoulet toulousain Bio ', '0.0', '8.0', '10.0', '0.5', '1.9', '8.9', '1.0'),
(1334, 'Cassoulet de Castelnaudary - au confit de canard d', '0.0', '6.1', '8.9', '0.5', '4.2', '9.8', '0.8'),
(1335, 'Cassoulet', '116.0', '5.2', '7.9', '1.1', '0.0', '7.5', '0.9'),
(1336, 'Mini gratin dauphinois', '0.0', '10.1', '9.9', '2.6', '0.0', '3.8', '0.6'),
(1337, 'Dmbio Dinkel Cracker', '423.0', '12.0', '62.0', '1.0', '9.0', '12.0', '2.0'),
(1338, '(Fusilli) Sauce Cheese Burger', '0.0', '7.3', '17.0', '2.4', '0.0', '7.1', '0.7'),
(1339, 'Cassoulet au mouton, Halal', '0.0', '0.0', '0.0', '0.0', '0.0', '0.0', '0.0'),
(1340, 'Taboulé au basilic ', '0.0', '8.5', '22.0', '2.0', '0.0', '4.0', '0.7'),
(1341, 'Pizza Sensazione Thon', '0.0', '7.8', '23.5', '1.7', '2.0', '9.9', '1.5'),
(1342, 'Doux Plaisir Potiron et Kiri', '39.0', '1.6', '4.9', '2.2', '0.8', '0.9', '0.8'),
(1343, 'Boudin Blanc aux Morilles (x 2)', '0.0', '0.0', '0.0', '0.0', '0.0', '0.0', '0.0'),
(1344, 'Cassoulet aux manchons de canard confit', '0.0', '0.0', '0.0', '0.0', '0.0', '0.0', '0.0'),
(1345, 'Soupe tomate cerise basilic', '0.0', '2.1', '5.3', '3.1', '0.0', '0.8', '0.9'),
(1346, 'Mouliné de légumes variés', '0.0', '0.0', '0.0', '0.0', '0.0', '0.0', '0.0'),
(1347, 'Légumes et Kiri', '0.0', '2.4', '4.2', '0.9', '1.0', '1.3', '0.7'),
(1348, 'Cassoulet', '112.0', '4.5', '9.5', '0.0', '0.0', '7.0', '0.0'),
(1349, 'Cassoulet', '0.0', '5.0', '9.1', '1.5', '3.0', '7.6', '0.9'),
(1350, 'Pommes de Terre, Poireaux, Lentilles (lot de 2 x 1', '0.0', '1.4', '4.6', '1.3', '1.6', '1.4', '0.7'),
(1351, 'Veloute de tomates et pointe de mascarpone', '0.0', '0.0', '0.0', '0.0', '0.0', '0.0', '0.0'),
(1352, 'Cassoulet Pierre Laguilhon', '0.0', '0.0', '0.0', '0.0', '0.0', '0.0', '0.0'),
(1353, 'Douceur de 8 légumes à la crème fraîche (lot de 2)', '0.0', '0.0', '0.0', '0.0', '0.0', '0.0', '0.0'),
(1354, 'Riste d\'aubergine', '0.0', '11.0', '4.2', '4.2', '2.9', '1.1', '0.8'),
(1355, 'Cassoulet au confit de canard du Sud-Ouest', '0.0', '9.2', '7.1', '0.4', '3.4', '10.2', '1.4'),
(1356, 'Douceur de 8 légumes à la crème fraîche (lot de 2)', '0.0', '4.5', '6.0', '3.5', '1.4', '1.0', '0.8'),
(1357, 'Pur Soup\' Velouté de légumes poêlés', '0.0', '2.8', '5.2', '2.1', '1.8', '1.1', '0.7'),
(1358, 'Mouliné de légumes vapeur au sel de Guérande Knorr', '30.0', '1.5', '3.0', '0.9', '0.8', '0.7', '0.7'),
(1359, 'Pommes de terre, poireaux, lentilles', '0.0', '1.4', '4.6', '1.3', '1.6', '1.4', '0.7'),
(1360, 'Velouté de potiron à la crème', '0.0', '1.5', '4.6', '2.3', '1.3', '0.5', '0.6'),
(1361, 'Mouliné de légumes vapeur au sel de Guérande (lot ', '0.0', '1.5', '3.0', '0.9', '0.8', '0.7', '0.7'),
(1362, 'Mouliné de légumes verts (Lot de 2)', '0.0', '0.5', '4.5', '1.5', '1.0', '1.0', '0.7'),
(1363, 'Potager Malin Tomates et Vermicelles', '0.0', '2.3', '13.8', '6.0', '3.3', '2.5', '2.0'),
(1364, 'Pur Soup\' Mouliné de 10 légumes variés', '0.0', '1.2', '4.6', '1.4', '1.5', '0.9', '0.7'),
(1365, 'Mouliné Légumes Variés', '0.0', '0.0', '5.5', '0.5', '0.5', '1.0', '0.6'),
(1366, 'Velouté de potiron à la crème fraîche (lot de 2)', '0.0', '2.0', '4.0', '2.3', '0.9', '0.8', '0.8'),
(1367, 'Pur Soup\' Velouté de légumes', '45.0', '2.1', '5.3', '2.4', '0.8', '0.8', '0.8'),
(1368, 'Suprême d\'Oignon', '0.0', '0.9', '5.1', '1.2', '0.0', '0.7', '0.5'),
(1369, 'Lentilles vertes Moutarde à l\'ancienne & Fines her', '83.0', '1.5', '10.0', '2.8', '3.3', '5.6', '0.8'),
(1370, 'Délice de Tomates au Pesto', '0.0', '4.8', '5.2', '4.0', '1.7', '1.0', '0.8'),
(1371, 'Duo d\'asperges aux eclats de morilles', '53.0', '3.6', '4.1', '0.6', '0.5', '0.7', '0.8'),
(1372, 'Suprême d\'Oignon', '0.0', '1.4', '5.1', '1.5', '0.6', '0.7', '0.6'),
(1373, 'Velouté de potiron à la crème fraîche', '37.0', '2.0', '4.0', '2.3', '0.9', '0.8', '0.8'),
(1374, 'Velouté de légumes du potager à la crême fraîche', '70.0', '4.4', '6.0', '3.3', '1.1', '1.1', '0.7'),
(1375, 'Suprême de légumes', '0.0', '5.9', '61.3', '0.0', '0.0', '7.5', '0.0'),
(1376, 'Le Taboulé Poulet', '0.0', '9.7', '22.4', '5.4', '2.0', '6.1', '0.9'),
(1377, 'Bio Tomates & Olives vertes et noires', '0.0', '3.0', '6.5', '0.0', '0.0', '1.5', '0.0'),
(1378, 'Bio Provençale cuisinée à l\'huile d\'olive ', '0.0', '2.3', '6.2', '0.0', '0.0', '1.1', '0.0'),
(1379, 'Soupe du chef tomate', '28.0', '0.9', '4.0', '2.5', '0.0', '0.8', '0.7'),
(1380, 'Gombo de Louisiane & poivrons rouges', '47.0', '1.2', '6.7', '3.5', '1.8', '1.5', '0.4'),
(1381, 'Soupe du chef 5 légumes', '18.0', '0.4', '3.3', '0.8', '0.0', '0.4', '0.5'),
(1382, 'Le Cassoulet Mitonné', '0.0', '4.7', '8.9', '0.6', '0.0', '7.3', '0.0'),
(1383, 'Velouté de Tomates', '0.0', '1.3', '16.0', '8.0', '2.3', '1.8', '1.6'),
(1384, 'Soupe froide Carotte, orange et coriandre', '0.0', '3.0', '6.3', '4.6', '1.5', '0.6', '0.6'),
(1385, 'Mouliné de légumes du potager', '0.0', '0.8', '4.5', '1.0', '1.2', '0.9', '0.8'),
(1386, 'Doux Plaisir - Potiron et Kiri', '38.0', '1.5', '4.9', '2.0', '0.8', '0.9', '0.7'),
(1387, 'Velouté de tomates', '42.0', '1.9', '5.8', '3.3', '0.0', '0.7', '0.8'),
(1388, 'Lentilles cuisinées', '0.0', '1.5', '5.0', '0.2', '0.0', '3.4', '0.7'),
(1389, 'Purée de pommes de terre en flocons recette au lai', '0.0', '1.1', '77.0', '2.9', '0.0', '8.7', '1.3'),
(1390, 'Potage poireaux lauriers', '0.0', '1.0', '3.6', '1.3', '1.4', '1.0', '0.5'),
(1391, 'Ratatouille provençale aux légumes confits au thym', '115.0', '9.7', '5.2', '3.1', '1.2', '1.1', '0.5'),
(1392, 'Ratatouille Sélection de 5 baies', '98.0', '7.5', '5.2', '5.0', '0.0', '1.3', '0.9'),
(1393, 'Ratatouille fenouil & vin blanc', '91.0', '7.3', '4.0', '3.8', '0.0', '1.3', '0.9'),
(1394, 'PurSoup\' Oseille Cresson et crème fraîche', '0.0', '1.8', '4.6', '0.7', '0.7', '0.8', '0.7'),
(1395, 'Velouté de Légumes du Soleil', '0.0', '1.5', '4.6', '2.9', '1.2', '1.0', '0.7'),
(1396, 'Velouté de potiron à la crème fraîche', '0.0', '1.2', '4.2', '2.5', '0.6', '0.7', '0.7'),
(1397, 'Pur Soup\' - Velouté de 10 Légumes', '0.0', '2.1', '5.5', '2.5', '0.9', '0.8', '0.8'),
(1398, 'Pur Soup\' - Mouliné de 7 légumes variés', '0.0', '1.2', '4.8', '1.4', '1.7', '0.9', '1.8'),
(1399, 'Ratatouille miel & raisins', '104.0', '7.2', '7.4', '7.1', '0.0', '1.3', '0.8'),
(1400, 'Minestrone', '0.0', '2.1', '5.4', '1.6', '1.2', '1.0', '0.7'),
(1401, 'Gazpacho - Soupe froide méditerranéenne de légumes', '46.0', '2.6', '3.9', '3.1', '1.2', '0.9', '0.7'),
(1402, 'Tomates et Vermicelles', '0.0', '0.9', '4.9', '1.9', '1.2', '1.2', '0.8'),
(1403, 'Haricots Blancs Cuisinés à la Graisse d\'Oie', '115.0', '4.3', '12.0', '1.7', '4.7', '4.7', '0.8'),
(1404, 'Champignons à la moutarde à l\'ancienne & estragon ', '46.0', '3.0', '1.2', '0.4', '3.0', '2.1', '0.8'),
(1405, 'Velouté de légumes', '0.0', '1.7', '4.5', '2.0', '1.4', '1.4', '0.7'),
(1406, 'Cassoulet - Charcuterie Pur Porc', '0.0', '4.3', '7.8', '1.1', '3.8', '8.1', '0.9'),
(1407, 'Cassoulet cuisiné à la graisse de canard', '0.0', '5.7', '10.6', '0.0', '0.0', '8.8', '0.0'),
(1408, 'Jardinière de Légumes Bio', '26.0', '0.5', '4.7', '1.1', '1.0', '0.7', '0.6'),
(1409, 'Gaspacho tomate, paprika et concombre', '40.0', '2.3', '2.8', '2.7', '0.0', '0.6', '0.7'),
(1410, 'Soupe à la chinoise légumes et vermicelles ', '21.0', '0.4', '3.4', '0.6', '0.6', '0.6', '0.9'),
(1411, 'Cassoulet Toulousain à la graisse de canard', '147.0', '7.9', '8.8', '0.6', '2.9', '8.9', '1.0'),
(1412, 'Gazpacho Vert', '28.0', '1.6', '2.3', '0.7', '0.7', '0.7', '0.7'),
(1413, 'Cassoulet, Pur Porc (1 Pers.)', '119.0', '5.3', '7.8', '1.2', '4.7', '7.6', '0.9'),
(1414, 'Pur Soup\' - Mouliné de 10 Légumes', '0.0', '1.2', '4.6', '1.4', '1.5', '0.9', '0.7'),
(1415, 'Gaspacho', '53.0', '3.2', '5.5', '2.6', '0.0', '0.7', '1.0'),
(1416, 'Ratatouille Niçoise', '0.0', '1.0', '5.3', '4.1', '0.0', '0.9', '0.6'),
(1417, 'Fine Ratatouille 5 Baies et Cranberries', '0.0', '7.5', '5.2', '5.0', '0.0', '1.3', '0.9'),
(1418, 'Haricots blancs a la tomate', '0.0', '0.4', '11.0', '1.0', '5.0', '5.1', '0.8'),
(1419, 'Velouté de Potiron', '0.0', '0.0', '0.0', '0.0', '0.0', '0.0', '0.0'),
(1420, 'Soupe de Tomates', '334.0', '5.7', '58.7', '43.1', '0.0', '9.2', '15.6'),
(1421, 'Soupe gaspacho à l\'Andalouse', '27.0', '1.5', '2.3', '1.9', '0.9', '0.7', '0.7'),
(1422, 'Huit Légumes et Noix de Muscade', '0.0', '0.0', '0.0', '0.0', '0.0', '0.0', '0.0'),
(1423, 'Lentilles vertes Fondue d\'échalotes & Vinaigre bal', '83.0', '1.5', '10.0', '2.2', '3.3', '5.6', '0.8'),
(1424, 'Poivronnade', '77.0', '5.0', '6.0', '4.7', '0.0', '1.0', '0.6'),
(1425, 'Soup\' Bistrot, Légumes Fromage Frais', '44.0', '2.2', '4.4', '2.1', '1.0', '1.0', '0.7'),
(1426, 'soupe de courges', '0.0', '0.0', '0.0', '0.0', '0.0', '0.0', '0.0'),
(1427, 'Le Cassoulet Mitonné', '118.0', '5.0', '8.9', '0.8', '3.5', '7.6', '0.8'),
(1428, 'Tarte aux poireaux surgelée', '0.0', '8.7', '21.0', '4.7', '1.4', '6.5', '1.0'),
(1429, 'Légumes et vermicelles', '0.0', '1.0', '4.6', '1.4', '1.1', '0.9', '0.8'),
(1430, 'Légumes et Vermicelles', '33.0', '1.0', '4.6', '1.4', '1.1', '0.9', '0.8'),
(1431, 'Cassoulet', '102.0', '3.6', '8.1', '0.7', '0.0', '7.3', '0.7'),
(1432, 'Soupe Carotte, Lait de Coco, Curry Vert', '57.0', '4.8', '3.2', '1.9', '0.0', '0.6', '0.8'),
(1433, 'Ratatouille provençale', '115.0', '9.7', '5.2', '3.1', '1.2', '1.1', '0.5'),
(1434, 'Cassoulet au confit d\'oie - Façon Castelnaudary', '167.0', '8.7', '12.6', '1.1', '0.0', '11.4', '0.8'),
(1435, 'Légumes et Vermicelles', '34.0', '1.0', '4.6', '1.4', '1.2', '1.0', '0.8'),
(1436, 'Lentilles vertes au naturel - 660 g - Gérard Louis', '88.0', '1.1', '11.0', '0.9', '0.0', '6.4', '1.0'),
(1437, 'Pur Soup\' Velouté de légumes poêlés', '50.0', '2.4', '5.0', '1.2', '1.9', '1.1', '0.7'),
(1438, 'Doux Plaisirs Légumes au Kiri', '43.0', '2.4', '3.7', '0.9', '1.0', '1.3', '0.7'),
(1439, 'Le velouté', '34.0', '1.0', '5.2', '2.2', '0.8', '0.6', '0.8'),
(1440, 'Velouté de potiron à la crème fraîche', '37.0', '2.0', '4.0', '2.3', '0.9', '0.8', '0.8'),
(1441, 'Soupe de légumes', '34.0', '1.6', '3.5', '1.4', '0.0', '1.3', '0.5'),
(1442, 'Délice de 10 légumes', '46.0', '2.1', '5.5', '2.5', '0.9', '0.8', '0.8'),
(1443, 'Douceur de Carottes pointe de noisette', '0.0', '1.8', '5.1', '3.0', '1.2', '0.8', '0.7'),
(1444, 'Velouté de poireaux & pomme de terre et pointe de ', '34.0', '1.1', '5.5', '0.5', '0.0', '0.5', '0.7'),
(1445, 'Velouté potiron creme', '29.0', '0.5', '4.6', '1.5', '1.2', '0.8', '0.7'),
(1446, 'Soupe fine à l\'ortie', '17.0', '0.0', '3.4', '0.3', '0.5', '0.3', '0.7'),
(1447, 'Douceur de légumes pointe d\'emmental', '54.0', '2.7', '6.0', '1.8', '0.8', '1.2', '0.7'),
(1448, 'Soupe Légumes du Soleil', '33.0', '1.7', '3.7', '2.5', '0.0', '0.9', '0.8'),
(1449, 'Mouliné de Légumes Variés', '0.0', '1.0', '5.5', '2.5', '1.5', '0.5', '0.6'),
(1450, 'Velouté de Poireaux, Pommes de Terre & Pointe de C', '45.0', '2.4', '4.9', '1.1', '0.6', '0.8', '0.7'),
(1451, 'Haricots Rouges cuisinés à la Mexicaine', '97.0', '2.4', '13.3', '2.1', '2.1', '4.4', '0.8'),
(1452, 'Cassoulet Toulousain', '135.0', '5.6', '7.9', '0.4', '0.0', '10.8', '0.9'),
(1453, 'Lentilles au naturel', '87.0', '1.1', '10.9', '0.9', '4.3', '6.3', '2.5'),
(1454, 'Ravioli aux aubergines, tomates et basilic', '82.0', '1.8', '13.4', '2.9', '2.0', '2.8', '1.0'),
(1455, 'Douceur de Légumes à la Crème Fraîche', '37.0', '1.6', '4.6', '1.5', '0.9', '0.8', '0.7'),
(1456, 'Mouliné Instantané 10 Légumes', '353.0', '6.9', '61.1', '12.3', '0.0', '9.3', '0.0'),
(1457, 'Velouté Petits Pois Courgette', '0.0', '0.0', '0.0', '0.0', '0.0', '0.0', '0.0'),
(1458, 'Velouté de Poireaux et Pommes de Terre', '44.0', '2.1', '5.1', '0.9', '2.5', '0.7', '0.7'),
(1459, 'Préparation soluble pour Potage Tomate', '307.0', '2.6', '57.0', '28.0', '7.8', '9.0', '23.0'),
(1460, 'Taboulé (+20% offert)', '144.0', '4.7', '20.7', '3.7', '1.8', '4.1', '0.5'),
(1461, 'Soupe Froide Poivron Doux & Épices', '66.0', '4.6', '4.5', '2.4', '0.9', '0.8', '0.5'),
(1462, 'Soupe de légumes tomates graines de sarrasin basil', '28.0', '0.6', '3.5', '2.1', '1.4', '1.0', '0.6'),
(1463, 'Coleslaw', '73.0', '4.4', '6.2', '4.5', '2.6', '0.8', '0.9'),
(1464, 'Gaspacho betterave orange', '26.0', '0.6', '3.7', '3.5', '0.0', '0.9', '1.0'),
(1465, 'Lentilles Mijotées', '108.0', '3.7', '14.7', '2.2', '0.0', '6.3', '0.1'),
(1466, 'Cassoulet cuisiné à la graisse d\'oie', '163.0', '9.9', '6.4', '0.4', '0.0', '9.9', '0.7'),
(1467, 'Potage tomate avec boulettes', '74.0', '2.0', '11.0', '8.2', '1.3', '3.5', '1.6'),
(1468, 'Gaspacho aux légumes frais', '53.0', '10.0', '3.6', '3.3', '0.0', '1.2', '1.1'),
(1469, 'Ravioli au Boeuf Bio', '101.0', '2.5', '15.4', '2.1', '1.1', '3.5', '1.0'),
(1470, 'Ravioli Bolognaise', '0.0', '4.0', '11.6', '2.0', '2.0', '4.9', '1.3'),
(1471, 'Soupe Courgettes, Amandes & Pois Cassés', '20.0', '0.7', '1.8', '1.0', '1.1', '1.0', '0.4'),
(1472, 'Soupe Carotte, Panais et Curcuma', '0.0', '0.5', '1.7', '0.5', '0.6', '0.5', '0.4'),
(1473, 'Soupe Artisanale Bio Tomate et Thym', '14.0', '0.5', '2.1', '1.9', '0.0', '0.6', '0.4'),
(1474, 'Cassoulet', '117.0', '4.8', '9.5', '1.0', '3.1', '7.4', '0.8'),
(1475, 'Purée à l\'Ancienne', '0.0', '1.6', '77.0', '3.7', '0.0', '7.7', '1.8'),
(1476, 'Tendresse de Lait', '0.0', '4.0', '70.3', '7.3', '5.8', '9.4', '0.1'),
(1477, 'Flageolets mijotés', '124.0', '5.4', '11.6', '1.1', '6.6', '3.9', '4.6'),
(1478, 'Soupe Légumes Tradition', '0.0', '0.0', '0.0', '0.0', '0.0', '0.0', '0.0'),
(1479, 'Mouliné de légumes printaniers', '36.0', '1.2', '4.7', '0.9', '1.3', '0.9', '0.7'),
(1480, 'Ravioli à Cuisiner', '110.0', '1.9', '18.0', '0.5', '1.0', '4.5', '0.9'),
(1481, 'Haricots blanc à la tomate', '317.0', '0.5', '11.0', '1.7', '0.0', '4.3', '1.0'),
(1482, 'Bio Légumes du Soleil', '0.0', '0.8', '6.3', '2.8', '0.8', '0.7', '0.6'),
(1483, 'Mouliné légumes variés', '0.0', '1.0', '5.5', '1.1', '1.3', '0.6', '0.6'),
(1484, 'Velouté de potiron à la crème fraîche', '35.0', '1.7', '3.8', '2.4', '0.7', '0.8', '0.7'),
(1485, 'Velouté Potiron', '0.0', '1.7', '4.5', '2.2', '0.5', '0.7', '0.5'),
(1486, 'Mousline saveur à l\'Ancienne Ciboulette & oignons ', '354.0', '3.1', '69.5', '5.6', '6.9', '8.4', '2.9'),
(1487, 'Soupe courgette et basilic', '75.0', '6.1', '3.6', '3.4', '0.0', '1.0', '0.3'),
(1488, 'Cassoulet au canard et au porc', '124.0', '5.4', '7.1', '0.5', '0.0', '9.1', '0.7'),
(1489, 'Les Saladières Taboulé', '207.0', '12.0', '19.0', '2.1', '0.0', '3.6', '1.1'),
(1490, 'Cassoulet au Confit de Porc', '116.0', '5.2', '9.6', '3.1', '0.0', '7.6', '1.0'),
(1491, 'Cassoulet à la chicorée (+ 33 % Gratuit)', '121.0', '5.5', '10.9', '1.1', '0.0', '6.9', '0.6'),
(1492, 'Bonne Purée', '340.0', '1.0', '71.0', '2.0', '0.0', '8.5', '0.1'),
(1493, 'La Pizz - Lardons Emmental Comté', '0.0', '8.8', '27.0', '3.6', '2.0', '11.0', '1.3'),
(1494, 'Légumes Curry & Pois Chiches', '0.0', '0.7', '11.0', '1.5', '4.7', '4.7', '0.8'),
(1495, 'Saucisses Pur Porc aux Lentilles', '120.0', '6.0', '8.7', '2.0', '2.6', '6.6', '0.8'),
(1496, 'Petit Salé et Lentilles Cuisinées au Porc du Sud-O', '119.0', '5.2', '6.9', '0.5', '2.1', '10.0', '0.9'),
(1497, 'Les Saucisses pur porc aux lentilles', '120.0', '6.0', '8.7', '2.0', '2.6', '6.6', '0.8'),
(1498, 'Pur Soup\' Carottes fraîches et pointe de crème', '40.0', '1.6', '4.6', '2.4', '1.6', '0.9', '0.8'),
(1499, 'Knorr Les Classiques Soupe Liquide Douceur de Légu', '44.0', '2.3', '4.4', '2.1', '0.7', '1.1', '0.7'),
(1500, 'Mouliné Printanier', '40.0', '1.6', '4.3', '1.5', '2.0', '1.1', '0.5'),
(1501, 'Lentilles préparées à la graisse d\'oie', '104.0', '3.6', '10.3', '0.7', '0.0', '5.7', '0.7'),
(1502, 'pot au feu de légumes aux aromates', '0.0', '0.7', '3.0', '3.0', '0.9', '1.4', '0.8'),
(1503, 'Délice de Légumes d\'automne aux bolets et chantere', '50.0', '2.5', '5.0', '2.5', '2.0', '0.8', '0.7'),
(1504, 'Gratin de légumes à la provençale', '75.0', '4.6', '5.3', '3.5', '2.0', '2.1', '0.2'),
(1505, 'Cassoulet', '140.0', '7.0', '7.0', '0.4', '0.0', '11.0', '1.1'),
(1506, 'Le cassoulet languedocien saucisses de Toulouse et', '178.0', '11.0', '5.9', '1.1', '0.0', '13.0', '0.8'),
(1507, 'Poivrons rouges grillés', '0.0', '0.8', '3.8', '3.2', '1.8', '0.9', '2.2'),
(1508, 'Potage Instantané Carotte Cumin', '0.0', '2.2', '47.0', '20.0', '19.0', '8.7', '11.4'),
(1509, 'Cassoulet Saveur Bacon', '128.0', '6.9', '6.0', '2.0', '6.5', '7.3', '0.8'),
(1510, 'Smeal saveur légumes du potager', '162.0', '5.4', '18.9', '5.2', '1.8', '8.6', '0.9'),
(1511, 'Smeal saveur Choc\' Avoine', '416.0', '13.5', '49.6', '11.9', '4.3', '22.0', '1.0'),
(1512, 'Smeal saveur velouté champignon', '417.0', '5.3', '19.9', '4.6', '1.6', '8.9', '1.0'),
(1513, 'Velouté de 10 légumes', '32.0', '0.8', '5.2', '1.5', '0.8', '0.7', '0.7'),
(1514, 'Pizza chèvre-miel mozzarella emmental', '259.0', '12.4', '24.7', '3.3', '1.7', '11.3', '0.9'),
(1515, 'Veloute de carotte', '47.0', '3.0', '4.0', '2.1', '0.0', '0.6', '0.7'),
(1516, 'Velouté Potimarron', '55.0', '4.0', '4.0', '0.3', '0.0', '0.8', '0.6'),
(1517, 'Boulghour de la mer aux algues', '168.0', '3.6', '25.0', '1.2', '5.9', '5.9', '0.3'),
(1518, 'Velouté en duo d\'asperges blanches et vertes et no', '130.0', '9.0', '11.0', '2.5', '1.5', '2.5', '2.2'),
(1519, 'Velouté de potiron à la crème fraîche', '0.0', '2.0', '3.5', '2.5', '1.5', '0.9', '0.8'),
(1520, 'soupe fine aux quatre légumes', '34.0', '1.2', '3.7', '1.2', '0.0', '1.1', '0.6'),
(1521, 'Préparation pour taboulé à l\'huile d\'olive', '139.0', '3.6', '21.4', '3.6', '0.0', '4.0', '1.2'),
(1522, 'Tomates cocktail', '0.0', '0.0', '0.0', '0.0', '0.0', '0.0', '0.0'),
(1523, 'Gaspacho', '46.0', '26.0', '39.0', '31.0', '12.0', '9.0', '0.0'),
(1524, 'Créaline velouté de légumes oubliés', '0.0', '1.4', '6.0', '1.7', '1.1', '0.8', '0.6'),
(1525, 'Gaspacho rouge', '54.0', '4.2', '2.8', '2.3', '0.0', '0.9', '0.4'),
(1526, 'Gaspacho vert', '16.0', '0.3', '2.2', '1.5', '0.0', '0.8', '0.4'),
(1527, 'Piperade basquaise', '36.0', '2.0', '4.0', '1.0', '0.0', '1.0', '0.8'),
(1528, 'Piperade basquaise ', '0.0', '2.4', '6.0', '5.1', '0.0', '1.2', '0.8'),
(1529, 'Taboulé', '126.0', '2.4', '21.0', '4.1', '1.8', '4.0', '0.6'),
(1530, 'Légumes et Vermicelles', '39.0', '1.2', '5.5', '2.0', '0.9', '1.0', '0.7'),
(1531, 'Velouté de Poireaux Pommes de Terre et pointe de c', '46.0', '2.5', '4.8', '0.7', '0.6', '0.8', '0.7'),
(1532, 'Velouté Poireaux Pommes de terre', '38.0', '1.1', '5.8', '1.1', '1.0', '0.7', '0.5'),
(1533, 'Fondue de poireaux aux St Jacques', '0.0', '3.3', '5.0', '1.0', '1.0', '1.6', '0.8'),
(1534, 'Velouté légumes potagers', '0.0', '1.7', '4.5', '2.0', '1.4', '1.4', '0.7'),
(1535, 'Pizza cuite au feu de bois Bûche de Chèvre', '0.0', '19.0', '52.0', '7.0', '5.6', '16.0', '2.4'),
(1536, 'Gnocchis au pesto et tomates marinées', '159.0', '6.4', '19.6', '4.1', '2.4', '4.6', '0.7'),
(1537, 'Gnocchi aux flocons de pomme de terre', '0.0', '0.5', '34.8', '0.1', '0.0', '3.7', '0.9'),
(1538, 'Gratin de pomme de terre et patate douce', '0.0', '7.6', '10.5', '1.9', '1.9', '4.0', '0.3'),
(1539, 'PurSoup\' Velouté de 10 Légumes', '0.0', '2.1', '5.5', '2.5', '0.9', '0.8', '0.7'),
(1540, 'Velouté de 9 légumes', '0.0', '1.5', '4.5', '1.5', '1.0', '0.8', '0.8'),
(1541, 'Velouté de légumes poêlés', '0.0', '2.8', '5.2', '2.1', '1.8', '1.1', '0.7'),
(1542, 'velouté de légumes', '0.0', '1.7', '4.5', '2.0', '1.4', '1.4', '0.7'),
(1543, 'Mouliné de légumes variés', '0.0', '1.0', '5.5', '1.1', '1.3', '0.6', '0.6'),
(1544, 'Velouté duo de courges, carottes & pain d\'épices', '33.0', '1.0', '4.9', '2.5', '0.0', '0.7', '0.6'),
(1545, 'Velouté de légumes façon poêlée', '0.0', '0.0', '0.0', '0.0', '0.0', '0.0', '0.0'),
(1546, 'Velouté de légumes Liebig PurSoup\'', '0.0', '0.0', '0.0', '0.0', '0.0', '0.0', '0.8'),
(1547, 'Velouté de Légumes Poêlés', '0.0', '2.8', '5.2', '2.1', '1.8', '1.1', '0.7'),
(1548, 'Velouté de légumes du soleil', '0.0', '1.5', '4.2', '2.6', '1.1', '0.9', '2.1'),
(1549, 'Velouté de légumes variés', '0.0', '0.8', '5.6', '0.2', '1.0', '0.9', '1.3'),
(1550, 'Soupe legumes anciens edition limitee la potagere', '44.0', '2.4', '4.4', '0.4', '1.1', '0.6', '0.6'),
(1551, 'velouté de légumes façon poêlé', '208.0', '2.4', '5.0', '1.2', '1.9', '1.1', '0.7'),
(1552, 'Haricots blancs mijotés', '111.0', '2.5', '17.7', '1.9', '4.6', '6.2', '1.0'),
(1553, 'Galettes jambon fromage', '228.0', '13.0', '14.0', '3.0', '1.0', '14.0', '1.1'),
(1554, '1 galette complète Œuf, Emmental, Jambon', '200.0', '10.9', '12.1', '1.8', '1.7', '12.6', '0.7'),
(1555, 'Galettes fourées, jambon emmental', '0.0', '10.0', '17.0', '0.8', '1.5', '11.5', '1.2'),
(1556, '1 Galette Complète Œuf, Emmental, Jambon', '0.0', '12.0', '12.0', '2.5', '1.1', '12.0', '0.8'),
(1557, 'Lentilles vertes cuisinées aux carottes et aux oig', '75.0', '0.0', '14.0', '1.0', '0.0', '4.8', '0.7'),
(1558, 'Legumes et vermicelles', '39.0', '1.2', '5.5', '2.0', '0.9', '1.0', '0.7'),
(1559, 'Velouté Legumes d\'autrefois', '42.0', '2.1', '4.4', '1.2', '1.2', '0.8', '0.7'),
(1560, 'Pizza Chèvre, Cuite sur pierre', '228.0', '8.3', '27.4', '2.2', '2.1', '9.8', '1.2'),
(1561, 'Ravioli Végétariens Bio', '0.0', '2.2', '14.0', '3.5', '1.2', '2.5', '1.3'),
(1562, 'Les Veloutés Potiron', '37.0', '1.7', '4.5', '2.2', '0.5', '0.7', '0.5'),
(1563, '2 Galettes de Sarrasin - Jambon Champignons et Emm', '178.0', '8.9', '13.9', '1.6', '0.0', '9.9', '1.1'),
(1564, 'Purée Nature', '0.0', '0.6', '11.9', '1.8', '1.4', '2.0', '0.1'),
(1565, 'lentilles préparées', '0.0', '0.0', '0.0', '0.0', '0.0', '0.0', '0.0'),
(1566, 'Soupe de carottes au gingembre', '26.0', '0.3', '3.4', '1.8', '0.0', '1.3', '0.7'),
(1567, 'Soupe les veloutes légumes potagers', '42.0', '1.7', '4.5', '2.0', '1.4', '1.4', '0.7'),
(1568, 'Gratin de choux-fleurs surgelé', '96.0', '6.2', '4.7', '0.5', '1.9', '4.3', '0.7'),
(1569, 'Lentilles vertes du Berry cuisinées à la graisse d', '116.0', '4.3', '12.0', '0.7', '0.0', '5.5', '1.0'),
(1570, 'Taboulé', '149.0', '3.0', '23.8', '2.8', '0.0', '5.1', '1.1'),
(1571, 'Cassoulet de Castelnaudary', '135.0', '7.1', '6.7', '0.5', '0.0', '9.5', '0.9'),
(1572, 'Vite une Soupe Estivale', '269.0', '2.5', '43.4', '32.6', '12.6', '12.0', '13.5'),
(1573, 'Macédoine bio', '0.0', '0.2', '6.1', '2.6', '1.9', '1.5', '0.6'),
(1574, 'Taboulé à la menthe', '128.0', '2.6', '21.0', '2.3', '2.3', '3.9', '1.1'),
(1575, 'Mouliné de Légumes', '38.0', '1.0', '5.7', '0.5', '1.7', '0.8', '0.7'),
(1576, 'Soupe de courge, poulet et lait de coco', '92.0', '5.7', '5.9', '2.9', '1.2', '3.6', '0.8'),
(1577, 'Soupe poireau et pomme de terre', '50.0', '2.1', '6.4', '1.9', '0.0', '1.0', '0.4'),
(1578, 'Purée goût à l\'ancienne à la Crème et à la Muscade', '350.0', '2.0', '72.0', '2.0', '0.0', '8.5', '0.6'),
(1579, 'Tartes Individuelles Provencales Aux Legumes Frais', '265.0', '17.5', '19.3', '3.5', '0.0', '5.1', '1.4'),
(1580, '20 crêpes demi-lune jambon emmental', '167.0', '6.9', '17.8', '3.2', '0.9', '8.0', '0.8'),
(1581, 'Ratatouille', '102.0', '7.6', '7.2', '2.4', '0.0', '1.1', '0.6'),
(1582, 'Macédoine bio', '37.0', '0.5', '6.5', '1.2', '0.0', '1.9', '0.7'),
(1583, 'Pommes Sautées', '118.0', '3.5', '17.0', '0.5', '4.0', '2.5', '0.3'),
(1584, 'Cassoulet de chevreau', '0.0', '0.0', '0.0', '0.0', '0.0', '0.0', '0.0'),
(1585, 'Purée en flocons de Pommes de terre, crème & noix ', '362.0', '4.1', '70.9', '3.3', '6.3', '7.3', '2.4'),
(1586, 'Le ravioli légumes', '73.0', '1.9', '10.7', '3.4', '0.0', '2.3', '0.7'),
(1587, 'Champignons de Paris Cuisinés aux Aubergines, Poiv', '68.0', '4.4', '1.2', '1.2', '5.8', '3.0', '0.6'),
(1588, 'Epinards à la crème', '56.0', '3.2', '3.0', '1.5', '2.5', '2.6', '0.8'),
(1589, 'Ratatouille à la provençale', '64.0', '3.5', '6.1', '5.2', '1.7', '1.2', '0.5'),
(1590, 'Velouté de Carottes à la Coriandre', '70.0', '3.4', '8.1', '1.8', '0.0', '1.1', '0.5'),
(1591, 'Les carottes râpées', '22.0', '0.3', '4.3', '4.0', '0.0', '0.5', '1.1'),
(1592, 'Gaufres Épeautre, Pomme de Terre, Poireaux', '449.0', '16.0', '59.4', '3.0', '6.0', '13.8', '2.1'),
(1593, 'Gratin de pommes de terre et champignons au comté', '109.0', '5.6', '10.3', '0.6', '1.7', '3.5', '0.6'),
(1594, 'Purée en flocons de pomme de terre au lait écrémé', '374.0', '1.1', '76.2', '13.1', '0.0', '12.4', '0.7'),
(1595, '2 Galettes Maraîchère', '168.0', '3.6', '29.0', '1.5', '2.3', '3.5', '0.8'),
(1596, 'Carottes râpées', '0.0', '0.5', '5.0', '5.0', '3.0', '0.5', '0.8'),
(1597, 'Carottes râpées', '0.0', '0.4', '5.0', '5.0', '3.0', '0.5', '0.8'),
(1598, 'Cassoulet supérieur au canard et à la saucisse de ', '0.0', '0.0', '0.0', '0.0', '0.0', '0.0', '0.0'),
(1599, 'Cassoulet', '114.0', '5.0', '8.0', '1.6', '0.0', '8.0', '1.0'),
(1600, 'Mouliné de légumes d\'automne', '38.0', '2.0', '3.6', '0.3', '1.1', '0.9', '0.6'),
(1601, 'Petit salé aux lentilles vegan', '62.0', '2.4', '5.2', '1.9', '2.0', '3.7', '1.8'),
(1602, 'PurSoup\' - Velouté de légumes du soleil', '38.0', '1.5', '4.6', '2.9', '1.2', '1.0', '0.7'),
(1603, 'Velouté de Légumes Verts', '0.0', '0.7', '4.6', '0.9', '0.6', '1.0', '0.7'),
(1604, 'Les veloutés légumes vert & comté fondu', '0.0', '1.5', '4.8', '0.8', '1.3', '1.2', '0.5'),
(1605, 'Pizza Poulet Pepperoni Sauce Barbecue', '229.0', '7.2', '28.0', '4.0', '1.6', '12.0', '1.3'),
(1606, 'Velouté de Légumes Saveurs du Sud', '42.0', '1.8', '4.5', '2.3', '2.2', '0.9', '0.6'),
(1607, 'Pléniday BIO Minceur', '0.0', '9.8', '40.5', '35.7', '5.9', '25.7', '0.7'),
(1608, 'Villaolivio Gazpacho, 1 LTR Flasche', '36.0', '3.0', '1.5', '1.4', '0.0', '0.5', '0.4'),
(1609, 'Cassoulet', '114.0', '5.0', '8.9', '0.8', '0.0', '6.6', '1.0'),
(1610, 'Choucroute royale au riesling', '100.0', '7.6', '0.9', '0.0', '0.0', '6.0', '1.3'),
(1611, 'Potage a la tomate et au basilic', '307.0', '1.0', '61.5', '16.5', '8.6', '8.6', '6.7'),
(1612, 'Lentilles cuisinées à l\'Auvergnate', '111.0', '3.6', '11.0', '1.2', '3.6', '6.6', '0.8'),
(1613, 'Gratin de Brocolis', '111.0', '0.0', '0.0', '2.1', '1.1', '5.4', '0.8'),
(1614, 'Rösti pommes de terre, courgettes, poivrons, tomat', '132.0', '9.4', '7.2', '1.6', '4.1', '2.5', '0.7'),
(1615, 'Ravioli Pur Bœuf (Sauce Italienne)', '83.0', '2.0', '12.1', '1.3', '1.8', '3.7', '0.8'),
(1616, 'Pizza del Gusto Bœuf Poivrons', '222.0', '6.9', '29.0', '2.6', '2.0', '9.9', '1.3'),
(1617, 'Ketchup carottes', '0.0', '0.4', '22.4', '20.8', '0.0', '1.9', '1.1'),
(1618, 'Ravioli max de Boeuf', '119.0', '4.1', '14.0', '2.8', '1.4', '5.8', '0.8'),
(1619, 'Ratatouille cuisinée à la provençale', '70.0', '4.9', '4.0', '4.0', '3.0', '1.1', '1.0'),
(1620, 'Taboulé Royal', '176.0', '7.6', '22.0', '4.0', '0.0', '4.2', '0.9'),
(1621, 'Gratin de légumes verts, céréales, sauce mascarpon', '140.0', '7.5', '11.8', '3.4', '2.7', '5.0', '0.4'),
(1622, 'Ravioli Pur Bœuf sauce tomate cuisinée', '88.0', '2.4', '12.0', '3.3', '1.7', '3.7', '0.7'),
(1623, 'Soupe Froide au poivron rouge & piment doux', '49.0', '2.9', '4.0', '2.2', '1.2', '1.0', '0.4'),
(1624, 'Cassoulet de castelnaudary', '140.0', '6.2', '8.6', '1.2', '17.0', '10.5', '0.8'),
(1625, 'Bertrand Vegan', '424.0', '21.0', '50.0', '6.2', '5.6', '12.4', '0.5'),
(1626, 'Mouliné de légumes', '36.0', '1.0', '5.7', '0.7', '0.0', '0.8', '0.8'),
(1627, 'Cassoulet de Toulouse', '148.0', '7.7', '8.2', '0.6', '16.0', '9.1', '0.7'),
(1628, 'Mini-gratins de légumes', '104.0', '6.2', '7.1', '3.6', '1.5', '4.2', '0.7'),
(1629, 'Velouté de tomates & basilic', '31.0', '0.9', '4.7', '2.1', '1.2', '0.6', '0.5'),
(1630, 'Soupe Chaude Courgette grillée & thym', '34.0', '1.6', '3.2', '2.5', '0.8', '1.3', '0.4'),
(1631, 'Ratatouille', '76.0', '4.9', '6.0', '5.2', '1.5', '1.3', '0.4'),
(1632, '10 crêpes gourmandes tartiflette', '205.0', '12.0', '16.0', '2.2', '0.9', '7.7', '0.9'),
(1633, '2 Crêpes de Froment Jambon et Emmental Label Rouge', '249.0', '15.0', '15.0', '2.3', '0.0', '13.0', '1.4'),
(1634, 'Lentilles préparées - 800 g - U', '0.0', '0.5', '13.4', '0.5', '4.1', '4.7', '0.6'),
(1635, 'Cassoulet - Charcuterie Pur Porc', '110.0', '4.3', '7.8', '1.1', '3.8', '8.1', '0.9'),
(1636, 'Trio de Courges', '0.0', '5.4', '10.8', '6.0', '3.3', '2.1', '1.5'),
(1637, 'Fondue de Poireaux Noix de St-Jacques', '0.0', '1.1', '5.5', '1.3', '0.9', '1.3', '0.8'),
(1638, 'Piperade au piment d\' Espelette', '78.0', '4.1', '9.1', '7.0', '1.7', '1.1', '0.9'),
(1639, 'Taboulé aux Tomates', '124.0', '2.0', '21.1', '2.4', '1.9', '4.3', '0.9'),
(1640, 'Mouliné de carottes, poireaux, pommes de terre', '34.0', '1.5', '3.6', '1.1', '1.2', '0.8', '0.7'),
(1641, 'Velouté de Poireaux et Pommes de Terre', '28.0', '0.6', '4.3', '1.8', '0.0', '0.8', '0.6'),
(1642, 'Les Moulinés Légumes verts', '33.0', '0.7', '5.3', '0.3', '0.0', '1.0', '0.7'),
(1643, 'Smeal saveur céréales - vanille', '167.0', '6.0', '19.2', '4.8', '1.8', '8.8', '0.4'),
(1644, 'Bonne Purée', '340.0', '1.0', '71.0', '2.0', '0.0', '8.5', '0.1'),
(1645, 'Cassoulet au confit de canard', '164.0', '9.4', '8.6', '1.0', '0.0', '9.8', '0.8'),
(1646, 'Ravioli Bolognaise (Riche en viande)', '101.0', '3.2', '12.2', '3.0', '1.5', '5.0', '0.7'),
(1647, 'Cassoulet', '0.0', '5.5', '10.9', '1.1', '0.0', '6.9', '0.6'),
(1648, 'Soupe Courgettes jaunes fenouil', '24.0', '0.0', '3.0', '2.2', '1.3', '1.3', '0.6'),
(1649, 'Velouté aux 7 légumes variés', '29.0', '0.5', '4.6', '1.5', '1.2', '0.8', '0.7'),
(1650, 'Haricots blancs à la tomate', '84.0', '0.6', '12.0', '1.4', '5.1', '4.9', '0.8'),
(1651, 'Isostar Salted Veggie Puree', '158.0', '0.8', '36.0', '19.0', '0.0', '1.3', '0.6'),
(1652, 'Le cassoulet aux cuisses de canard confites', '0.0', '9.2', '5.7', '0.5', '0.0', '9.5', '0.6'),
(1653, 'Velouté de courgettes, pommes de terre & gruyère', '46.0', '3.1', '2.6', '1.0', '1.1', '1.4', '0.7'),
(1654, 'Cassoulet de Castelnaudary au Confit de Canard du ', '140.0', '6.2', '8.5', '1.2', '4.1', '10.4', '0.8'),
(1655, 'Le Cassoulet Mitonné - Format familial ', '0.0', '4.7', '8.9', '0.6', '0.0', '7.3', '0.8'),
(1656, 'Velouté de Légumes du Soleil', '0.0', '2.2', '4.3', '3.1', '1.1', '1.2', '0.6'),
(1657, 'Panais', '42.0', '0.4', '7.3', '3.6', '2.3', '1.2', '0.0'),
(1658, 'Fondue de Poireaux', '0.0', '3.7', '3.4', '1.5', '1.6', '0.8', '0.5'),
(1659, 'Soupe froide bio tomate basilic', '49.0', '2.3', '4.7', '3.4', '0.0', '1.6', '0.8'),
(1660, 'Salade extra coffret chèvre penne', '183.0', '9.5', '19.0', '6.0', '2.0', '4.2', '0.4'),
(1661, 'La Conquête des Saveurs - Soupe au Chou Bio', '0.0', '1.1', '3.5', '1.6', '0.0', '0.8', '0.5'),
(1662, 'Soupe Tomates et Vermicelles', '37.0', '0.8', '6.1', '3.3', '1.2', '1.1', '0.7'),
(1663, 'Vite une Soupe Poireau, pomme de terre', '0.0', '0.5', '56.4', '0.4', '12.2', '6.4', '14.0'),
(1664, 'Velouté de tomates', '43.0', '0.8', '8.1', '2.9', '0.0', '0.7', '0.7'),
(1665, 'Mousline', '351.0', '0.9', '74.3', '2.9', '6.6', '7.1', '0.1'),
(1666, 'Mousseline Carottes à la Crème Fraîche', '96.0', '7.1', '5.2', '3.2', '0.0', '1.1', '1.0'),
(1667, 'PURÉE DE COURGETTES À LA CORIANDRE POUR UNE PERSON', '63.0', '3.5', '4.6', '1.8', '1.4', '2.5', '0.6'),
(1668, 'Taboule Oriental', '174.0', '6.2', '24.0', '6.0', '0.0', '4.5', '0.9'),
(1669, 'Soupe Betteraves - Courgettes', '0.0', '0.0', '0.0', '0.0', '0.0', '0.0', '0.0'),
(1670, 'Ratatouille à la bretonne', '54.0', '3.5', '3.4', '2.8', '0.0', '1.3', '0.5'),
(1671, 'Pizza fresca mozzarella', '224.0', '8.2', '26.0', '2.4', '0.0', '10.0', '0.9'),
(1672, 'Pursoup’ Velouté 10 Légumes', '0.0', '0.0', '0.0', '0.0', '0.0', '0.0', '0.0'),
(1673, 'Gratin de pommes de terre et épinards au mascarpon', '93.0', '4.8', '8.2', '0.4', '1.7', '3.4', '0.8'),
(1674, 'Douceur de 8 légumes à la crème fraîche', '70.0', '4.4', '6.0', '3.3', '1.1', '1.1', '0.7'),
(1675, 'Gaspacho', '29.0', '1.5', '3.0', '2.4', '0.7', '0.6', '0.8'),
(1676, 'Velouté Potiron', '37.0', '1.7', '4.5', '2.2', '0.5', '0.7', '0.5'),
(1677, 'Purée au lait - Purée de pommes de terre en flocon', '365.0', '3.2', '72.0', '4.6', '4.1', '10.0', '0.3'),
(1678, 'Soupe de Légumes Vermicelles', '49.0', '1.8', '6.6', '2.3', '0.9', '1.2', '0.8'),
(1679, 'Velouté Poireaux pommes de terre', '38.0', '1.1', '5.8', '1.1', '1.0', '0.7', '0.5'),
(1680, 'Velouté de légumes à la crème', '40.0', '2.2', '3.4', '1.2', '1.9', '0.8', '0.6'),
(1681, 'Mouliné de legumes variés BIO', '34.0', '1.0', '4.9', '0.8', '1.5', '0.5', '0.6'),
(1682, '4 Mini gratins dauphinois', '129.0', '6.6', '13.0', '2.8', '2.3', '3.3', '0.9'),
(1683, 'Choucroute bio cuisinée', '27.0', '1.1', '2.0', '0.0', '2.9', '1.2', '1.3'),
(1684, 'Soupe du chef potiron', '30.0', '0.8', '4.4', '3.1', '0.0', '1.3', '0.6'),
(1685, 'Délice de Potiron aux Girolles', '49.0', '2.6', '5.1', '1.7', '0.8', '0.9', '0.7'),
(1686, 'Soupe fine de poireaux et pomme de terre bio', '0.0', '0.0', '0.0', '0.0', '0.0', '0.0', '0.0'),
(1687, 'Cassoulet Gastronomique', '155.0', '7.0', '7.1', '0.7', '0.0', '14.0', '0.7'),
(1688, 'Salade Coleslaw', '149.0', '13.4', '5.0', '4.6', '0.0', '0.9', '1.0'),
(1689, 'Cassoulet', '146.0', '7.3', '10.0', '1.2', '0.0', '10.3', '0.7'),
(1690, 'VITE UNE SOUPE AUX ORTIES', '272.0', '1.1', '44.0', '5.9', '21.0', '10.9', '13.2'),
(1691, 'Velouté poireaux St Jacques', '54.0', '3.6', '4.1', '1.0', '0.0', '1.2', '0.9'),
(1692, 'velouté de potiron', '30.0', '1.0', '4.1', '1.6', '1.0', '0.6', '0.7'),
(1693, 'Cassoulet au Canard', '148.0', '8.2', '9.6', '0.5', '3.4', '11.0', '0.8'),
(1694, 'Pur Soup\' Mouliné de Légumes Printaniers', '40.0', '1.6', '5.0', '1.2', '1.2', '0.9', '0.7'),
(1695, 'Lentilles cuisinées', '97.0', '0.7', '13.7', '0.4', '5.0', '6.4', '0.9'),
(1696, 'Petit Salé à l\'Auvergnate Cuisiné aux Lentilles', '406.0', '4.0', '7.6', '0.8', '2.4', '8.7', '0.8'),
(1697, 'cassoulet', '0.0', '4.7', '8.9', '0.6', '0.0', '7.3', '0.8'),
(1698, 'Gaspacho', '36.0', '0.7', '5.1', '3.6', '1.6', '1.4', '0.9'),
(1699, 'Les mets de Provence Ratatouille', '82.0', '6.0', '5.4', '4.1', '0.0', '0.8', '0.7'),
(1700, '4 minis-gratins de pomme de terre à la truffe blan', '138.0', '7.7', '13.0', '1.9', '1.4', '3.8', '0.9'),
(1701, 'Gratin dauphinois au chorizo (10%) et piment de ca', '0.0', '8.4', '10.0', '0.0', '2.2', '4.5', '0.8'),
(1702, 'Gratin dauphinois', '0.0', '6.3', '9.2', '1.0', '2.1', '4.3', '0.4'),
(1703, 'Knorr Soupe Liquide Douceur de Carottes Pointe de ', '44.0', '1.8', '5.2', '3.0', '1.2', '0.8', '0.7'),
(1704, 'Knorr Soupe Légumes du Potager Vermicelles 1l', '34.0', '0.8', '5.2', '2.7', '0.6', '1.0', '0.7'),
(1705, 'Knorr Saveurs d\'Exception Soupe Butternut Curry 50', '46.0', '1.7', '6.6', '2.1', '0.9', '0.6', '0.7'),
(1706, 'Knorr Riche en Légumes Soupe Liquide Douceur de Pa', '61.0', '2.7', '7.5', '2.0', '1.5', '0.7', '0.7'),
(1707, 'Knorr Soupe Lentilles Petits Légumes 69g 2 Portion', '43.0', '0.5', '6.5', '1.4', '0.0', '2.4', '0.7'),
(1708, 'Knorr Soupe Duo de Courgettes Chèvre Frais et Miel', '51.0', '2.5', '5.9', '3.3', '0.5', '1.2', '0.7'),
(1709, 'Tartiflette au Reblochon de Savoie', '0.0', '9.7', '11.0', '0.7', '0.0', '7.0', '0.7'),
(1710, 'Piperade à la Basquaise', '39.0', '1.9', '3.6', '3.2', '1.8', '1.5', '1.5');
INSERT INTO `aliment` (`ID_ALIMENT`, `NOM_ALIMENT`, `ENERGIE`, `LIPIDES`, `GLUCIDES`, `SUCRE`, `FIBRES`, `PROTEINES`, `SEL`) VALUES
(1711, 'Mousline Purée au beurre de Normandie les 2 sachet', '364.0', '4.7', '70.0', '2.5', '6.1', '7.2', '3.0'),
(1712, 'Cassoulet pur porc', '115.0', '4.7', '8.9', '0.6', '0.0', '7.3', '0.8'),
(1713, 'Mouliné de légumes variés', '33.0', '0.8', '5.4', '1.5', '0.8', '0.7', '0.2'),
(1714, 'Cassoulet', '121.0', '5.5', '10.9', '1.1', '0.0', '6.9', '0.6'),
(1715, 'Cassoulet Recette toulousaine', '139.0', '6.6', '8.2', '0.4', '3.6', '10.0', '0.8'),
(1716, 'Mouliné de légumes variés', '27.0', '0.5', '4.4', '1.0', '1.0', '0.6', '0.6'),
(1717, 'Soupe de légumes potimarron', '13.0', '0.0', '2.3', '1.6', '0.8', '1.6', '0.4'),
(1718, 'Innocent gaspacho', '40.0', '2.3', '2.8', '2.7', '2.4', '0.6', '0.7'),
(1719, 'Ratatouille Bio à la Catalane', '0.0', '0.0', '0.0', '0.0', '0.0', '0.0', '0.0'),
(1720, 'Mousline', '347.0', '0.9', '74.3', '2.9', '6.6', '7.1', '0.1'),
(1721, 'Velouté de Potiron Châtaignes Bio', '38.0', '1.1', '5.5', '1.3', '1.5', '0.8', '0.6'),
(1722, 'Velouté de Tomate', '35.0', '0.8', '5.3', '3.7', '0.0', '0.7', '0.1'),
(1723, 'Tomate aux vermicelles et oignons', '0.0', '0.1', '4.4', '1.0', '0.4', '1.0', '0.6'),
(1724, 'Velouté de tomates Mascarpone', '42.0', '4.8', '15.0', '3.3', '0.5', '0.7', '0.8'),
(1725, 'Velouté de petits champignons', '0.0', '0.9', '2.6', '0.2', '0.7', '0.7', '0.6'),
(1726, 'Tapioca pur Manioc', '360.0', '0.0', '90.0', '0.0', '0.0', '0.0', '0.0'),
(1727, 'Soupe chaude Petits pois & menthe', '0.0', '1.8', '4.4', '1.1', '1.0', '1.0', '0.3'),
(1728, '4 Mini Gratins de Pommes de terre façon sarladais', '0.0', '11.0', '12.2', '2.5', '2.0', '1.9', '0.6'),
(1729, 'Recette gourmande Minestrone', '0.0', '1.5', '5.9', '1.2', '2.3', '2.1', '0.8'),
(1730, 'pizza au fromage', '0.0', '0.0', '0.0', '0.0', '0.0', '0.0', '0.0'),
(1731, 'Ravioli Bolognaise', '100.0', '3.4', '12.0', '3.2', '1.7', '4.4', '0.8'),
(1732, 'Gazpacho', '0.0', '2.6', '3.9', '3.1', '1.2', '0.9', '0.7'),
(1733, 'Gaspacho Recette Gourmet aux Amandes', '94.0', '7.8', '2.6', '1.1', '0.0', '2.4', '0.4'),
(1734, 'Veloute tomates basilic', '0.0', '0.7', '7.9', '3.2', '0.7', '0.6', '0.6'),
(1735, 'Velouté d\'Asperges', '0.0', '0.0', '0.0', '0.0', '0.0', '0.0', '0.0'),
(1736, 'Salade de nos producteurs - Laitue', '18.0', '0.1', '2.6', '1.5', '1.3', '1.0', '0.0'),
(1737, 'Mousline', '0.0', '0.9', '74.3', '2.9', '6.6', '7.1', '0.1'),
(1738, 'Chorba', '0.0', '3.1', '2.5', '1.2', '1.7', '1.7', '0.8'),
(1739, 'Knorr mouline de legumes d\'autrefois', '39.0', '1.9', '4.4', '1.0', '0.6', '0.6', '0.6'),
(1740, 'Potage bio Potimarron', '29.0', '0.2', '5.4', '1.0', '1.4', '0.9', '0.6'),
(1741, 'Gaspacho', '0.0', '0.0', '0.0', '0.0', '0.0', '0.0', '0.0'),
(1742, 'Velouté de Courgettes au Basilic Bio', '30.0', '1.2', '3.1', '1.7', '1.2', '0.7', '0.6'),
(1743, 'Pommes de terre à la Sarladaise', '0.0', '12.0', '15.0', '0.0', '2.8', '2.2', '0.9'),
(1744, 'Soupe chaude - Courgette grillée et thym', '34.0', '1.6', '3.2', '2.5', '0.8', '1.3', '0.4'),
(1745, 'L’Aligot de l’Aubrac - Plat cuisiné aux pommes de ', '180.0', '13.0', '8.3', '0.5', '1.7', '7.5', '0.8'),
(1746, 'Purée au Roquefort bio', '408.0', '11.9', '58.3', '1.3', '0.0', '13.7', '2.0'),
(1747, 'Lentilles vertes au naturel', '97.0', '0.7', '15.0', '1.2', '0.0', '7.8', '0.4'),
(1748, 'Mousline', '0.0', '0.9', '74.3', '2.9', '6.6', '7.1', '0.1'),
(1749, 'Recette gourmande Légumes verts au Comté fondu', '0.0', '1.5', '4.8', '0.8', '1.3', '1.2', '0.5'),
(1750, 'Pizza margherita', '225.0', '8.6', '25.8', '4.4', '2.5', '10.1', '0.8'),
(1751, 'Soupe Carottes / Courgettes / Cumin', '0.0', '0.0', '0.0', '0.0', '0.0', '0.0', '0.0'),
(1752, 'Mouliné au Potiron', '32.0', '0.8', '4.9', '1.6', '1.2', '0.7', '0.7'),
(1753, 'Carottes des Landes potimarron', '29.0', '0.5', '5.5', '2.8', '1.0', '0.6', '0.1'),
(1754, 'Baked beans', '106.0', '0.6', '19.8', '8.3', '0.0', '5.4', '1.0'),
(1755, 'Coffret salade penne chèvre tomates mi-séchées noi', '230.0', '13.0', '22.0', '4.3', '2.1', '5.6', '0.5'),
(1756, 'VeggissiMmm! Pavé croustillant - Légumes du soleil', '220.0', '11.7', '17.6', '7.0', '2.8', '9.6', '0.8'),
(1757, 'Velouté de Tomates', '36.0', '0.6', '6.1', '3.3', '0.5', '1.1', '0.7'),
(1758, 'Cassoulet de Castelnaudary au confit d\'oie', '132.0', '5.8', '7.9', '0.5', '0.0', '10.0', '0.9'),
(1759, 'Soupe carotte, potiron & graines de chia', '38.0', '1.2', '5.5', '1.3', '0.0', '0.6', '0.7'),
(1760, 'Ravioli pur boeuf', '92.0', '2.8', '11.9', '2.3', '0.0', '3.8', '0.9'),
(1761, 'Mousline', '350.0', '0.8', '75.0', '2.5', '0.0', '7.4', '0.1'),
(1762, 'Knorr Soupe Tomate Mascarpone 70g 2 Portions', '362.0', '8.4', '56.0', '37.0', '8.0', '14.0', '5.1'),
(1763, 'Velouté de légumes verts bio', '47.0', '3.1', '2.9', '0.5', '0.0', '1.4', '0.7'),
(1764, 'La Grande Ratatouille', '88.0', '6.9', '4.8', '2.7', '1.5', '1.2', '0.7'),
(1765, 'Cassoulet ECO+', '0.0', '3.3', '9.7', '1.5', '3.3', '6.8', '0.7'),
(1766, 'Potage légumes su soleil', '39.0', '1.6', '5.1', '1.7', '0.0', '0.8', '0.7'),
(1767, 'Velouté de 10 Légumes', '41.0', '1.9', '4.6', '1.1', '1.0', '0.8', '0.7'),
(1768, 'velouté de tomates et pointe d\'origan', '28.0', '0.5', '4.7', '2.4', '1.0', '0.7', '0.7'),
(1769, 'gaspacho', '62.0', '2.9', '6.6', '6.1', '1.8', '1.5', '1.7'),
(1770, 'Pizza au fromage de chèvre', '248.0', '7.9', '33.0', '5.7', '0.0', '10.0', '1.0'),
(1771, 'Délice de potiron châtaigne', '0.0', '0.8', '5.5', '2.3', '1.1', '0.7', '0.8'),
(1772, 'Potiron et vermicelles', '26.0', '0.4', '4.5', '1.7', '0.8', '0.7', '0.7'),
(1773, 'Potage aux légumes variés', '342.0', '1.9', '74.0', '16.5', '5.4', '4.4', '7.3'),
(1774, 'Mouliné de légumes d\'hiver', '0.0', '1.7', '3.5', '0.3', '2.2', '0.9', '0.6'),
(1775, 'MOUSLINE purée à l\'emmental', '74.0', '1.8', '11.0', '2.3', '5.5', '3.0', '0.5'),
(1776, 'Mouliné de 7 légumes variés', '0.0', '1.2', '4.4', '1.4', '1.7', '1.0', '0.8'),
(1777, 'Céleri Rémoulade à la moutarde à l\' ancienne', '141.0', '13.0', '3.5', '2.0', '0.0', '1.0', '1.2'),
(1778, 'Saucisses Lentilles', '0.0', '6.1', '6.5', '1.5', '0.0', '10.8', '1.0'),
(1779, 'Fondue de Poireaux aux St Jacques', '53.0', '2.6', '5.2', '0.9', '0.9', '1.7', '0.8'),
(1780, 'Délice de Potiron Girolles', '49.0', '2.9', '5.1', '1.7', '1.0', '0.9', '0.7'),
(1781, 'Velouté 5 légumes', '0.0', '0.0', '0.0', '0.0', '0.0', '0.0', '0.0'),
(1782, 'Soupe', '68.0', '2.0', '11.5', '2.3', '0.0', '1.6', '0.8'),
(1783, 'Gazpacho andaluz', '57.0', '4.1', '3.6', '2.6', '0.0', '0.9', '0.6'),
(1784, 'ravioli 3 fromages', '0.0', '0.0', '0.0', '0.0', '0.0', '0.0', '0.0'),
(1785, 'Cassoulet au confit de canard', '0.0', '8.0', '7.5', '0.4', '10.4', '3.1', '0.9'),
(1786, 'Gazpacho relevé au piment d\'Espelette', '26.0', '1.3', '2.3', '1.9', '0.9', '0.7', '0.7'),
(1787, 'douceur de 8 legumes à la crème fraîche', '70.0', '0.0', '0.0', '0.0', '0.0', '0.0', '0.0'),
(1788, 'Haricots blancs à la sauce tomate', '0.0', '0.6', '13.3', '2.4', '4.9', '4.3', '1.0'),
(1789, 'Coucous', '353.0', '1.5', '70.0', '1.5', '3.5', '13.0', '0.0'),
(1790, 'Cassoulet 420 Grammes', '113.0', '5.3', '7.4', '0.6', '3.8', '7.0', '0.8'),
(1791, 'Velouté de légumes verts Bio', '26.0', '1.2', '2.2', '2.0', '1.6', '0.9', '0.5'),
(1792, 'Soupe bio Mon panier du marché', '42.0', '2.1', '5.4', '1.0', '0.0', '0.7', '0.6'),
(1793, 'Mouliné de légumes printaniers bio', '0.0', '1.6', '4.3', '1.5', '2.0', '1.1', '0.5'),
(1794, 'gazpacho', '0.0', '0.0', '0.0', '0.0', '0.0', '0.0', '0.0'),
(1795, 'Potage aux tomates avec légumes', '22.0', '0.9', '2.5', '0.0', '0.0', '0.5', '0.0'),
(1796, 'Doux Plaisir - 8 Légumes à la crème fraîche', '67.0', '4.4', '5.6', '2.8', '1.0', '0.8', '0.7'),
(1797, 'Gazpacho bio', '34.0', '1.7', '2.9', '2.6', '0.0', '0.9', '0.7'),
(1798, 'Lentilles cuisinées', '74.0', '0.0', '14.0', '1.0', '0.0', '4.8', '0.7'),
(1799, 'Cassoulet de Castelnaudary au confit de canard', '148.0', '8.2', '9.6', '0.5', '3.4', '11.0', '0.9'),
(1800, 'Cassoulet', '128.0', '4.6', '12.1', '1.1', '0.0', '7.2', '0.8'),
(1801, 'Mouliné de légumes variés', '30.0', '0.9', '4.4', '1.1', '1.1', '0.8', '0.8'),
(1802, 'Velouté de 9 légumes', '44.0', '2.0', '5.7', '2.0', '0.9', '0.7', '0.8'),
(1803, 'Duo de Potiron et Courge Butternut bio', '34.0', '0.9', '5.3', '1.4', '3.0', '0.5', '0.5'),
(1804, 'Édition Limitée! Tomates et Piment d\'Espelette', '37.0', '1.2', '5.2', '2.6', '1.1', '0.7', '0.6'),
(1805, '8 Légumes à la Crème fraîche', '0.0', '4.4', '5.6', '2.8', '1.0', '0.8', '0.7'),
(1806, 'Douceur d\'hiver à la crème fraîche (format familia', '0.0', '4.2', '6.4', '3.3', '0.9', '0.9', '0.7'),
(1807, 'Tomates, courgettes et jambon de bayonne', '0.0', '1.5', '3.9', '2.4', '1.4', '1.7', '0.6'),
(1808, 'Délice de Poireaux aux Saint-Jacques', '0.0', '2.2', '6.2', '2.5', '0.6', '1.7', '0.8'),
(1809, 'Mouliné de légumes verts Knorr', '0.0', '0.5', '4.5', '1.5', '1.0', '1.0', '0.7'),
(1810, 'Mouliné de légumes variés', '30.0', '1.0', '3.9', '2.5', '1.7', '0.6', '0.6'),
(1811, 'Édition Limitée! Légumes de Saison', '31.0', '0.8', '4.6', '1.5', '1.2', '0.8', '0.7'),
(1812, 'Carottes & Coriandre', '35.0', '1.4', '5.1', '3.5', '1.2', '0.5', '0.5'),
(1813, 'PurSoup\' Velouté de Tomates', '0.0', '0.7', '7.2', '3.1', '0.5', '0.6', '0.7'),
(1814, 'Douceur de 8 légumes à la crème fraîche', '70.0', '4.4', '6.0', '3.3', '1.1', '1.1', '0.7'),
(1815, 'Pur Soup\' - Épinards, artichauts', '46.0', '2.4', '4.5', '0.5', '1.0', '1.0', '0.7'),
(1816, 'Mouliné de légumes d hiver bio', '37.0', '1.7', '3.5', '0.3', '2.2', '0.9', '0.6'),
(1817, 'Velouté potiron', '0.0', '1.7', '4.5', '2.2', '0.5', '0.7', '0.5'),
(1818, 'Velouté de légumes', '0.0', '0.0', '5.5', '1.0', '0.5', '1.0', '0.6'),
(1819, 'Bio Velouté de 10 Légumes', '32.0', '0.8', '5.2', '1.5', '0.8', '0.7', '0.7'),
(1820, 'Douceur de légumes à la crême fraîche', '37.0', '1.6', '4.6', '1.5', '0.8', '1.0', '0.7'),
(1821, 'Velouté tomates', '35.0', '0.8', '5.3', '3.7', '1.7', '0.7', '0.6'),
(1822, 'Velouté de Légumes & Crème BIO', '37.0', '1.4', '5.0', '1.0', '0.8', '0.7', '0.7'),
(1823, 'Gaspacho à l\'Andalouse Bio', '39.0', '2.2', '3.1', '3.0', '1.6', '0.9', '0.6'),
(1824, 'Vélouté de tomates', '29.0', '0.0', '6.0', '3.1', '1.0', '0.8', '0.6'),
(1825, '4 Crêpes de Froment Roulées Jambon Supérieur et Em', '199.0', '9.8', '18.0', '3.5', '0.0', '9.3', '1.3'),
(1826, 'Douceur de 8 légumes à la crème fraîche', '0.0', '4.4', '6.0', '3.3', '1.1', '1.1', '0.7'),
(1827, 'Ravioli pur boeuf', '115.0', '4.6', '14.0', '3.2', '1.5', '4.1', '0.9'),
(1828, 'Cassoulet', '132.0', '6.3', '8.6', '1.8', '0.0', '8.3', '1.1'),
(1829, 'Risotto complet aux cèpes', '364.0', '2.2', '76.2', '1.4', '0.0', '8.2', '0.0'),
(1830, 'Velouté - Pommes de terre carottes & cheddar fondu', '46.0', '2.1', '4.8', '1.9', '0.0', '1.3', '0.6'),
(1831, '4 mini-gratins de pomme de terre à l\'italienne', '158.0', '11.1', '9.6', '1.5', '1.6', '4.0', '0.4'),
(1832, 'Ratatouille Niçoise aux Légumes de Provence', '70.0', '6.0', '5.2', '4.0', '3.0', '1.1', '1.0'),
(1833, 'Mouline de legumes & Epautre', '33.0', '0.5', '5.5', '0.8', '0.0', '1.1', '0.7'),
(1834, 'Pizza au chèvre', '235.0', '10.1', '23.5', '1.4', '2.0', '11.5', '1.1'),
(1835, 'Velouté de carottes, potiron et noisettes', '43.0', '2.6', '3.8', '0.5', '1.2', '0.6', '0.6'),
(1836, 'Les idées en grains - Carotte en semoule & Boulgho', '117.0', '5.0', '13.0', '6.0', '2.0', '4.0', '0.8'),
(1837, 'ratatouille bio', '68.0', '4.4', '4.8', '3.9', '2.1', '1.2', '0.7'),
(1838, 'Gratin legumes du sud', '107.0', '6.0', '9.2', '3.0', '2.4', '3.1', '0.6'),
(1839, 'Cassoulet De Porc 680G', '123.0', '5.2', '7.3', '1.1', '0.0', '9.5', '1.0'),
(1840, 'Velouté potimarron châtaigne', '38.0', '1.1', '5.5', '1.2', '0.0', '0.8', '0.1'),
(1841, 'Velouté de poireaux & pommes de terre', '44.0', '2.1', '5.1', '0.9', '1.3', '0.7', '0.7'),
(1842, 'Soupe Légumes du soleil et pesto', '48.0', '2.7', '4.1', '2.9', '0.0', '1.1', '0.8'),
(1843, 'Veloute de legumes verts', '37.0', '1.8', '3.0', '0.9', '0.0', '1.4', '0.7'),
(1844, 'Haricots cuisinés', '0.0', '2.1', '9.0', '0.6', '0.0', '4.8', '1.6'),
(1845, 'Taboulé oriental Bio', '136.0', '3.6', '21.8', '21.8', '0.0', '3.4', '0.7'),
(1846, 'Velouté de Poireaux et Pommes de Terre', '44.0', '2.4', '4.6', '0.3', '0.6', '0.8', '0.7'),
(1847, 'Purée 100% Carottes', '34.0', '0.0', '6.6', '3.0', '0.0', '1.1', '0.4'),
(1848, 'Cassoulet toulousain', '151.0', '9.0', '8.9', '0.8', '0.0', '8.3', '0.8'),
(1849, 'Ratatouille Kilo', '71.0', '3.2', '4.9', '4.5', '3.4', '1.3', '0.7'),
(1850, 'Cassoulet pur porc', '108.0', '4.6', '7.5', '1.5', '2.9', '7.6', '1.0'),
(1851, 'Rostïs façon montagnard', '183.0', '9.0', '19.0', '1.0', '0.0', '5.6', '1.5'),
(1852, 'Taboulé', '204.0', '9.3', '25.0', '3.8', '0.0', '4.3', '1.2'),
(1853, 'ratatouille', '0.0', '0.0', '0.0', '0.0', '0.0', '0.0', '0.0'),
(1854, 'Ravioli, Pur Bœuf', '84.0', '1.7', '12.6', '3.0', '1.7', '3.7', '0.8'),
(1855, 'Knorr Soupe Velouté de Poireaux Pommes de Terre', '47.0', '1.9', '6.4', '1.6', '0.6', '0.8', '0.6'),
(1856, 'Knorr Soupe Liquide Douceur de Potiron Chataigne', '36.0', '1.3', '4.8', '2.5', '1.1', '0.8', '0.7'),
(1857, 'Knorr Soupe Liquide Douceur d\'Automne à la Crème F', '43.0', '1.8', '5.7', '2.3', '0.8', '0.6', '0.6'),
(1858, 'Knorr Soupe Liquide Douceur de Légumes Pointe d\'Em', '54.0', '2.7', '6.0', '1.8', '0.8', '1.2', '0.7'),
(1859, 'Knorr Soupe Douceur Poireaux Pommes De Terre Point', '47.0', '2.5', '4.7', '1.2', '0.5', '1.2', '0.7'),
(1860, 'La Pépite Red d’Amour', '412.0', '17.5', '46.9', '11.2', '9.9', '12.9', '0.7'),
(1861, 'La Pépite Sweet Kiss', '411.0', '16.7', '50.0', '8.8', '9.4', '13.1', '0.8'),
(1862, 'La Pépite Brooklyn Mama', '414.0', '17.8', '47.3', '10.4', '9.9', '12.9', '0.4'),
(1863, 'Pizza tartiflette', '230.0', '11.0', '24.0', '1.0', '2.2', '8.7', '1.3'),
(1864, 'Soupe de légumes à l\'ancienne bio', '47.0', '2.0', '4.5', '1.3', '1.7', '1.6', '0.7'),
(1865, 'Lentilles Vertes Bio Cuisinées aux Petits Légumes', '75.0', '0.3', '13.0', '0.2', '0.0', '5.0', '0.6'),
(1866, 'Mousline - Saveur à l\'Ancienne - Crème & Noix de M', '0.0', '4.2', '70.0', '2.9', '5.9', '6.8', '2.5'),
(1867, 'RIsotto au confit de canard et aux cèpes', '187.0', '12.0', '13.0', '3.4', '0.0', '6.1', '0.8'),
(1868, 'Tajine aux aiguillettes de canard et aux figues', '81.0', '2.3', '6.4', '4.2', '0.0', '7.6', '0.2'),
(1869, 'PurSoup - Mouliné de Légumes d\'Autrefois', '34.0', '0.7', '5.9', '0.8', '0.7', '0.9', '0.7'),
(1870, 'PurSoup\' - Velouté de légumes du sud', '39.0', '1.7', '4.2', '2.6', '0.6', '1.1', '0.7'),
(1871, 'Saucisses de Toulouse aux lentilles', '148.0', '9.6', '6.3', '0.5', '2.4', '7.8', '1.0'),
(1872, 'Saucisses aux Lentilles', '114.0', '5.6', '7.8', '1.2', '0.0', '6.7', '1.0'),
(1873, 'Cassoulet', '0.0', '4.9', '7.1', '0.8', '4.1', '8.4', '1.1'),
(1874, 'Soupe asperges vertes', '0.0', '5.3', '2.9', '0.7', '0.0', '1.1', '0.9'),
(1875, 'Mouliné de légumes', '36.0', '1.0', '5.7', '0.7', '0.0', '0.8', '0.8'),
(1876, 'Alvalle Gazpacho original', '46.0', '2.6', '3.9', '3.1', '1.2', '0.9', '0.7'),
(1877, 'Gratin d\'Aubergines à la Provençale', '104.0', '7.9', '5.1', '4.6', '2.5', '1.8', '0.7'),
(1878, 'Veloutés de poireaux et de pommes de terre', '38.0', '1.1', '5.8', '1.1', '1.0', '0.7', '0.5'),
(1879, 'Vegetable Soup', '0.0', '1.1', '4.6', '3.0', '2.0', '1.3', '0.5'),
(1880, 'Tomato & basilico soup', '36.0', '1.2', '5.4', '3.0', '0.6', '0.5', '0.4'),
(1881, 'Mouliné de légumes bio', '34.0', '1.0', '4.9', '0.8', '1.5', '0.5', '0.6'),
(1882, 'Choucroute champenoise', '72.0', '5.0', '4.7', '1.0', '0.0', '2.0', '1.1'),
(1883, 'Choucroute champenoise', '72.0', '5.0', '4.7', '1.0', '0.0', '2.0', '1.1'),
(1884, 'Riste d\'aubergine', '72.0', '5.1', '5.5', '4.8', '3.1', '1.1', '0.9'),
(1885, 'Lentilles préparées', '70.0', '0.5', '9.8', '0.5', '3.5', '6.0', '0.8'),
(1886, 'Gnocchi Farcis au Gorgonzola AOP et sauce Tomate', '128.0', '5.3', '15.0', '4.7', '2.0', '4.1', '0.8'),
(1887, 'RATATOUILLE', '0.0', '3.8', '5.3', '2.2', '1.4', '1.3', '1.0'),
(1888, 'Soupe Bortsch de la Baie', '0.0', '0.0', '0.0', '0.0', '0.0', '0.0', '0.0'),
(1889, 'Haricots blancs à la tomate', '88.0', '0.5', '13.0', '1.2', '5.0', '5.4', '0.9'),
(1890, 'Cassoulet', '113.0', '5.0', '8.2', '0.6', '3.7', '7.0', '1.0'),
(1891, 'Cassoulet', '115.0', '5.1', '7.5', '1.2', '0.0', '7.8', '0.8'),
(1892, 'Gazpacho', '32.0', '2.5', '1.5', '0.4', '0.7', '0.7', '0.6'),
(1893, 'Soupe de légumes anciens', '31.0', '1.1', '4.2', '1.5', '1.0', '0.6', '0.6'),
(1894, 'Nachos', '418.0', '13.0', '59.0', '1.7', '4.6', '15.0', '2.3'),
(1895, 'Poivrons Grillés 280 G - CASTELLI', '52.0', '2.7', '4.8', '4.4', '0.0', '0.6', '2.0'),
(1896, 'Pizzas du Monde - La Grecque', '207.0', '6.9', '28.0', '3.1', '2.3', '7.0', '0.8'),
(1897, '8 legumes a la creme fraiche', '60.0', '3.5', '5.9', '2.8', '1.0', '0.8', '0.8'),
(1898, 'Gaspacho de Tomates', '45.0', '2.9', '2.6', '2.5', '2.6', '0.9', '0.6'),
(1899, 'Lentilles cuisinees', '74.0', '0.3', '10.0', '0.5', '5.2', '6.1', '0.6'),
(1900, 'Assortiment de poivrons à l’huile d’olive et à l’a', '73.0', '6.0', '4.0', '1.5', '0.8', '0.8', '0.5'),
(1901, 'Mini-Röstis pommes de terre & mozzarella tomates', '0.0', '5.4', '24.0', '1.9', '1.9', '4.3', '0.9'),
(1902, 'Gratin dauphinois au crème fraîche & emmental', '125.0', '6.7', '11.0', '1.5', '0.0', '4.0', '0.4'),
(1903, 'Couscous Facile Saveur Pesto', '0.0', '4.0', '67.0', '2.0', '3.4', '13.0', '1.3'),
(1904, 'Pizza royale bio', '193.0', '6.1', '23.9', '3.7', '0.0', '9.0', '1.1'),
(1905, 'Ravioli pur bœuf sauce riche en légumes', '101.0', '3.7', '12.0', '2.8', '2.1', '3.9', '0.8'),
(1906, 'PurSoup\' - Duo de Carottes Jaunes et Orange', '35.0', '1.1', '4.9', '2.5', '1.5', '0.8', '0.6'),
(1907, 'CASSOULET TOULOUSAIN OU SAUCISSES LENTILLES', '130.0', '7.8', '5.8', '1.5', '0.0', '7.6', '0.8'),
(1908, 'Velouté de tomate et basilic', '40.0', '1.2', '5.4', '3.2', '1.2', '1.2', '0.6'),
(1909, 'Soupe froide de légumes à l\'huile d\'olive extra vi', '69.0', '4.8', '5.3', '2.7', '0.9', '0.8', '0.8'),
(1910, 'Velouté aux 7 légumes', '31.0', '0.5', '5.3', '1.5', '1.1', '0.8', '0.5'),
(1911, 'Cassoulet Toulousain', '123.0', '6.0', '7.7', '0.3', '4.3', '7.5', '0.8'),
(1912, 'Velouté de carotte', '40.0', '1.6', '4.8', '2.4', '1.5', '0.9', '0.7'),
(1913, 'Poivrons Rouges Et Jaunes Aigre Douce', '115.0', '11.5', '0.9', '0.1', '0.0', '0.5', '1.5'),
(1914, 'Purée 100% brocolis bio', '29.0', '0.8', '1.1', '0.9', '2.3', '3.1', '0.0'),
(1915, 'Velouté Gourmand aux 8 Légumes et emmental', '0.0', '1.6', '4.2', '1.6', '1.1', '1.1', '0.7'),
(1916, 'Mini gratins aux pommes de terre et aux épinards x', '0.0', '3.4', '9.3', '3.4', '1.6', '3.7', '0.5'),
(1917, '4 Mini Gratins Pomme de Terre à La Sarladoise', '158.0', '11.0', '12.2', '2.5', '2.0', '1.9', '0.6'),
(1918, 'Mini gratins aux choux-fleurs x 4', '0.0', '4.7', '7.6', '3.3', '1.8', '3.2', '0.7'),
(1919, 'Mini gratins aux 3 légumes x 4', '0.0', '6.2', '7.3', '2.8', '1.9', '3.8', '0.6'),
(1920, 'Haricots Rouges', '84.0', '0.3', '13.6', '0.8', '0.0', '5.6', '0.8'),
(1921, 'Velouté de poireaux et pommes de terre', '0.0', '1.1', '5.8', '0.9', '0.8', '1.0', '0.7'),
(1922, 'Tomates', '0.0', '0.0', '0.0', '0.0', '0.0', '0.0', '0.0'),
(1923, 'Ravioli pur boeuf 7,5%', '86.0', '1.7', '13.0', '3.0', '1.7', '3.7', '0.8'),
(1924, 'Velouté pois cassé et bacon aromatisé', '47.0', '1.1', '5.8', '0.6', '1.6', '2.6', '0.6'),
(1925, 'Velouté de légumes et fromage fondu aromatisé', '47.0', '2.9', '3.0', '1.9', '1.8', '1.3', '0.6'),
(1926, 'Galettes de blé noir, garnies de jambon supérieur ', '213.0', '11.0', '17.0', '0.8', '1.5', '12.0', '1.2'),
(1927, 'Velouté de légumes à la crème', '70.0', '4.4', '5.9', '1.9', '1.1', '1.1', '0.6'),
(1928, 'Velouté de Légumes et Vermicelles', '47.0', '1.6', '6.8', '1.1', '0.7', '1.0', '0.6'),
(1929, 'Mouliné légumes variés', '30.0', '0.9', '4.0', '1.1', '1.7', '0.7', '0.6'),
(1930, 'Mouliné légumes verts aromatisé', '33.0', '0.7', '5.3', '0.3', '0.8', '1.0', '0.8'),
(1931, 'Velouté potiron châtaignes', '39.0', '1.5', '5.0', '2.7', '1.6', '0.6', '0.5'),
(1932, 'Mini gratin de pommes de terre', '114.0', '5.5', '11.4', '1.6', '1.4', '4.1', '0.6'),
(1933, 'Puree nature', '346.0', '0.1', '76.3', '2.7', '9.7', '5.2', '0.1'),
(1934, 'Poivrons grillés rouges et jaunes à l\'huile', '52.0', '2.7', '4.8', '4.4', '2.8', '0.6', '1.4'),
(1935, 'Gratin d\'aubergines', '123.0', '9.2', '4.8', '4.5', '4.1', '3.4', '0.6'),
(1936, 'Velouté poireaux pomme de terre haricots', '25.0', '0.4', '4.2', '2.5', '0.7', '0.7', '0.6'),
(1937, 'Velouté de tomate et vermicelles', '37.0', '0.6', '6.8', '2.6', '0.5', '1.1', '0.6'),
(1938, 'Mini gratins de choux fleurs', '104.0', '6.8', '6.4', '3.0', '1.2', '3.8', '0.7'),
(1939, 'Steaks panés au blé,épinards et emmental', '242.0', '13.0', '16.0', '1.1', '3.2', '14.0', '0.8'),
(1940, 'Velouté Légumes Verts et Comté', '50.0', '2.0', '6.0', '1.0', '1.0', '1.5', '0.6'),
(1941, 'Mouliné campagnard aux lardons', '37.0', '1.0', '4.7', '1.1', '1.4', '1.5', '0.6'),
(1942, 'Pizza au chorizo d\'Espagne', '275.0', '12.0', '29.0', '2.8', '2.3', '13.0', '1.4'),
(1943, 'Gazpacho', '49.0', '3.6', '2.9', '2.5', '0.7', '0.8', '0.3'),
(1944, 'Purée nature', '342.0', '0.4', '71.9', '1.0', '9.6', '7.9', '0.0'),
(1945, 'Velouté de potiron', '36.0', '1.2', '5.5', '1.8', '0.7', '0.5', '0.7'),
(1946, 'Soupe instantanée aux légumes et croûtons', '341.0', '2.5', '69.0', '10.0', '6.5', '7.3', '6.7'),
(1947, 'Velouté de poireaux et pommes de terre', '38.0', '1.2', '5.6', '0.6', '0.6', '0.9', '0.7'),
(1948, 'Gazpacho', '46.0', '3.0', '3.5', '3.2', '1.0', '0.6', '0.8'),
(1949, 'Foies de volaille confits cuits dans la graisse de', '186.0', '12.0', '0.6', '0.5', '0.5', '19.0', '1.1'),
(1950, 'Mouliné de légumes vert', '33.0', '0.7', '5.3', '0.3', '0.8', '1.0', '0.8'),
(1951, 'Knorr Soupe Velouté de 12 Légumes au Fromage Frais', '49.0', '1.7', '6.8', '3.3', '0.9', '1.3', '0.7'),
(1952, 'Piperade au piment d\'Espelette AOP', '67.0', '4.4', '4.7', '3.3', '1.6', '1.2', '0.7'),
(1953, 'PurSoup’ Mouliné de Légumes d’Hiver - Pommes de te', '40.0', '1.4', '4.6', '1.3', '1.6', '1.4', '0.7'),
(1954, 'velouté de cresson', '33.0', '0.7', '5.5', '0.4', '0.6', '0.8', '0.7'),
(1955, 'Lea nature', '329.0', '2.3', '56.0', '11.0', '18.0', '12.0', '6.1'),
(1956, 'Pur Soup\' - Velouté de légumes verts', '30.0', '0.7', '4.6', '0.9', '0.6', '1.0', '0.7'),
(1957, 'Pizza 3 fromages', '258.0', '11.0', '26.0', '2.5', '3.4', '12.0', '1.6'),
(1958, 'Haricots géants à la sauce tomate', '123.0', '4.5', '16.0', '1.7', '4.9', '4.7', '1.1'),
(1959, 'Potage courge', '110.0', '2.5', '22.0', '1.6', '3.0', '3.0', '450.0'),
(1960, 'Taboulé bio', '113.0', '1.9', '19.0', '1.8', '0.0', '4.1', '0.8'),
(1961, 'Potiron carottes vermicelles', '30.0', '0.5', '5.3', '1.4', '0.8', '0.7', '0.7'),
(1962, 'Pomme de terre vapeur ou rissolés', '0.0', '0.0', '18.3', '0.7', '0.0', '1.9', '0.0'),
(1963, 'poivrons de piquillo', '71.0', '4.4', '6.7', '2.2', '0.0', '1.1', '0.3'),
(1964, 'Mouliné de 9 légumes deshy', '336.0', '2.8', '64.0', '13.0', '13.0', '7.3', '5.2'),
(1965, 'Macedoine de légumes', '43.0', '0.0', '6.3', '3.7', '3.9', '2.2', '0.2'),
(1966, 'Cassoulet au confit de canard', '164.0', '9.4', '8.6', '1.0', '0.0', '9.8', '0.8'),
(1967, 'POIVRONS PIQUILO EN LAMELLES A L\'AIL', '32.0', '0.5', '5.2', '3.4', '1.5', '1.2', '0.8'),
(1968, 'Potage biologique aux 5 légumes', '25.0', '0.1', '4.7', '1.3', '1.1', '0.8', '0.7'),
(1969, 'Mes carottes râpées a la ciboulette', '79.0', '5.2', '5.6', '5.0', '2.8', '1.1', '0.9'),
(1970, 'Velouté de Tomates', '0.0', '0.5', '6.4', '3.2', '0.9', '0.7', '0.6'),
(1971, 'Cassoulet au Confit d\'Oie', '0.0', '0.0', '0.0', '0.0', '0.0', '0.0', '0.0'),
(1972, 'Nutristatime Optima', '0.0', '0.0', '0.0', '0.0', '0.0', '0.0', '0.0'),
(1973, 'Raviolis végétariens', '88.0', '2.5', '13.0', '3.9', '0.0', '2.3', '1.1'),
(1974, 'Farine bio de manioc', '360.0', '0.0', '86.0', '0.0', '5.8', '1.0', '0.0'),
(1975, 'Tomates, Basilic & Pignons de Pin', '41.0', '1.4', '6.2', '2.8', '0.4', '0.6', '0.7'),
(1976, 'Soupe d artichaut', '54.0', '3.7', '3.2', '1.0', '1.4', '1.2', '0.6'),
(1977, 'velouté de légumes façon poêlée', '50.0', '2.3', '5.6', '1.6', '1.9', '1.0', '0.6'),
(1978, 'Pommes de terre sautees', '229.0', '12.8', '23.6', '0.5', '0.0', '3.5', '0.6'),
(1979, 'Velouté de legumes & quinoa', '35.0', '0.8', '5.4', '1.1', '1.0', '0.9', '0.7'),
(1980, 'Carottes râpées', '23.0', '0.5', '3.2', '2.1', '3.2', '0.8', '0.4'),
(1981, 'Jarret de porc mitonné aux lentilles', '105.0', '5.5', '6.2', '1.1', '0.0', '7.0', '0.5'),
(1982, 'Cardon épineux genevois', '0.0', '0.0', '0.0', '0.0', '0.0', '0.0', '0.0'),
(1983, 'Gaspacho Andaluz', '48.0', '3.0', '4.1', '3.6', '0.6', '0.8', '0.1'),
(1984, 'Lentilles preparees a la graisse d’oie', '102.0', '2.5', '12.0', '1.5', '0.0', '6.9', '0.8'),
(1985, 'Ravioli prêt à cuisiner', '113.0', '1.7', '19.0', '0.8', '1.0', '5.0', '0.6'),
(1986, 'Doux Plaisir - Potiron et Kiri', '35.0', '1.4', '4.2', '1.4', '1.0', '0.9', '0.7'),
(1987, 'Potage de légumes bio par Picard', '16.0', '0.5', '2.7', '1.9', '1.3', '0.6', '0.0'),
(1988, 'Cassoulet à la saucisse de Toulouse', '149.0', '8.5', '8.1', '0.5', '3.0', '8.6', '1.0'),
(1989, 'Velouté de potimarron', '13.0', '0.0', '2.3', '0.9', '1.0', '1.0', '0.3'),
(1990, 'Ravioli aux légumes Bio', '0.0', '2.2', '14.0', '3.5', '1.2', '2.5', '1.3'),
(1991, '2 Galettes Jambon Fromage - nouvelle recette', '220.0', '14.0', '12.0', '1.5', '1.1', '11.0', '1.0'),
(1992, 'Ravioli Ricotta & Epinards', '99.0', '5.5', '9.2', '2.1', '1.3', '2.5', '1.0'),
(1993, 'Gazpacho tomates', '33.0', '1.6', '3.3', '2.3', '0.0', '0.7', '0.7'),
(1994, 'Ratatouille provençale', '47.0', '2.0', '5.1', '4.2', '1.5', '1.4', '0.8'),
(1995, 'Velouté de 12 légumes', '42.0', '1.9', '5.2', '1.4', '0.7', '0.7', '0.5'),
(1996, 'Soupe fraîche de tomate et concombre à la menthe', '25.0', '0.0', '4.0', '3.8', '0.0', '1.1', '0.6'),
(1997, 'Spaetzle à poêler', '168.0', '3.9', '27.0', '0.5', '0.0', '5.8', '0.6'),
(1998, 'Choucroute garnie d\'Alsace cuisinée au Riesling', '143.0', '12.0', '0.7', '0.5', '2.3', '7.0', '1.5'),
(1999, 'Pizza à Pâte fine Poulet et Légumes Grillés', '0.0', '7.1', '41.0', '4.7', '3.2', '15.0', '1.4'),
(2000, 'Ravioli Boeuf +', '90.0', '3.7', '9.9', '2.1', '1.1', '3.5', '1.0'),
(2001, 'bio mouliné de légumes verts🥒🥦', '29.0', '0.5', '4.6', '0.9', '1.1', '1.1', '0.6'),
(2002, 'PurSoup\' - Velouté de Tomates', '39.0', '0.7', '7.2', '3.1', '0.5', '0.6', '0.7'),
(2003, 'Velouté de cœurs de cardons', '0.0', '0.0', '0.0', '0.0', '0.0', '0.0', '0.0'),
(2004, 'Velouté glacé. Laitue petit pois', '34.0', '1.5', '3.5', '3.2', '0.0', '1.3', '0.8'),
(2005, 'Potage Petit pois, Brocoli et Courgette', '39.0', '1.0', '4.0', '1.0', '2.5', '2.2', '0.6'),
(2006, 'Mouliné De Légumes Printaniers Bio & Sans Gluten', '40.0', '1.6', '4.3', '1.5', '2.0', '1.1', '0.5'),
(2007, 'Cassoulet Toulousain, cuisiné à la graisse d\'oie', '123.0', '5.0', '8.6', '1.5', '4.0', '8.9', '0.8'),
(2008, 'Knorr soupe douceur italienne', '64.0', '4.2', '5.6', '3.9', '1.0', '1.1', '0.8'),
(2009, 'Chargement…', '33.0', '1.2', '3.7', '0.6', '0.5', '1.6', '0.5'),
(2010, 'Choucroute garnie à l\'Alsacienne', '144.0', '12.0', '1.9', '0.0', '2.3', '5.9', '1.4'),
(2011, 'Soupe Courges', '37.0', '2.7', '1.9', '1.6', '0.0', '1.6', '0.4'),
(2012, 'Lentilles Cuisinées Saint Benoît', '78.0', '1.3', '9.7', '0.9', '3.0', '5.4', '1.0'),
(2013, 'Soupe legumes verts', '46.0', '3.2', '3.0', '1.8', '0.0', '1.4', '0.5'),
(2014, 'Velouté Epinard Brocolis', '33.0', '1.8', '2.2', '0.0', '2.6', '1.4', '0.3'),
(2015, 'Ratatouille', '71.0', '4.8', '5.3', '4.8', '1.1', '1.1', '1.1'),
(2016, 'Les Pizzas Margarita', '234.0', '8.2', '27.6', '3.7', '0.0', '10.8', '1.3'),
(2017, 'Gnocchi à la Pommes de terre', '165.0', '0.8', '34.9', '0.5', '1.9', '3.6', '1.8'),
(2018, 'Cassoulet - Recette du Nord', '147.0', '7.3', '11.9', '1.5', '0.0', '8.5', '1.4'),
(2019, 'Légumes Pour Couscous Rochambeau', '29.0', '0.6', '3.8', '1.9', '0.0', '1.3', '0.8'),
(2020, 'Velouté 4 courges', '11.0', '0.1', '2.1', '0.7', '0.0', '0.3', '0.0'),
(2021, 'Cardons', '12.0', '0.1', '2.0', '0.8', '0.0', '0.6', '0.4'),
(2022, 'Bella Napoli pizza margherita - surgelata', '222.0', '7.8', '27.0', '3.3', '0.0', '10.0', '1.2'),
(2023, 'Soupe Minestrone', '47.0', '1.7', '5.9', '1.2', '0.0', '1.4', '0.6'),
(2024, 'Cassoulet à la saucisse de Toulouse', '132.0', '6.0', '8.8', '0.5', '3.6', '9.0', '0.7'),
(2025, 'Velouté de Courgettes et basilic', '32.0', '2.0', '2.8', '1.1', '1.2', '0.2', '0.7'),
(2026, 'Velouté légumes & quinoa bio', '35.0', '0.8', '5.4', '1.1', '1.0', '0.9', '0.7'),
(2027, 'Lentilles vertes', '75.0', '0.3', '13.0', '0.2', '0.0', '5.0', '0.1'),
(2028, 'cèpes & bolets à la crème fraîche', '30.0', '1.2', '4.0', '0.7', '0.7', '0.8', '0.6'),
(2029, 'Soupe Paysanne Moulinee', '16.0', '0.1', '2.9', '1.0', '0.0', '0.7', '0.5'),
(2030, 'Soupe provencale', '87.0', '0.0', '3.3', '2.8', '1.5', '0.8', '0.4'),
(2031, 'Potabio carotte cumin', '12.0', '0.5', '2.1', '0.8', '16.0', '0.3', '0.5'),
(2032, 'Ravioli au Bœuf Bio - 340 g', '71.0', '1.0', '12.0', '2.0', '0.0', '3.0', '0.5'),
(2033, 'Aubergines cuisinées à la tomate', '121.0', '9.2', '8.2', '4.6', '0.0', '1.4', '0.6'),
(2034, 'Ratatouille', '45.0', '2.2', '3.9', '2.8', '0.0', '2.1', '1.2'),
(2035, 'Mousseline de Brocoli', '28.0', '0.8', '1.5', '1.1', '2.4', '2.5', '0.1'),
(2036, 'Gratin dauphinois au jambon & à la crème fraîche', '0.0', '4.8', '11.0', '1.3', '1.1', '7.2', '0.8'),
(2037, 'Carotte râpée, barquette 250g', '34.0', '0.0', '6.6', '4.9', '0.0', '0.8', '0.1'),
(2038, 'Gaspacho Courgette', '24.0', '1.2', '2.0', '1.6', '0.0', '1.0', '0.3'),
(2039, '2 galettes légumes emmental basilic BIO', '172.0', '8.0', '18.0', '2.9', '2.4', '5.8', '1.2'),
(2040, 'Carotte rapée', '89.0', '6.0', '6.9', '6.1', '0.0', '0.8', '0.4'),
(2041, 'Velouté carottes, curry et gingembre', '35.0', '2.2', '2.1', '2.1', '0.0', '1.2', '0.3'),
(2042, 'Soupe Épinards, Chou Kale et Ail', '0.0', '2.9', '2.6', '1.2', '1.1', '1.3', '0.3'),
(2043, 'Soupe aux légumes oubliés', '45.0', '1.7', '5.9', '1.9', '0.0', '0.8', '0.3'),
(2044, 'Knorr Crema Vichyssoise 500 ML', '49.0', '2.7', '5.3', '0.9', '0.0', '0.9', '0.5'),
(2045, 'Sopa de Fideis', '39.0', '0.2', '7.0', '0.6', '0.0', '1.8', '1.0'),
(2046, 'Crema de Calabacin', '44.0', '2.1', '5.5', '2.2', '0.0', '0.8', '0.7'),
(2047, 'Soupe de legume', '51.0', '2.3', '5.9', '1.4', '0.0', '1.1', '1.0'),
(2048, 'Couscous poivrons et raisins secs', '209.0', '7.4', '30.1', '7.1', '0.0', '3.4', '1.2'),
(2049, 'Andaluz', '46.0', '2.9', '3.5', '2.2', '1.0', '0.8', '0.9'),
(2050, 'Courgettes et La Vache qui rit®', '34.0', '1.3', '4.2', '0.9', '0.6', '1.1', '0.7'),
(2051, 'Soup Protein Bowl Chickpeas and Lentils', '78.0', '1.5', '10.2', '2.6', '0.0', '4.2', '1.1'),
(2052, 'Gazpacho Méditerranéen', '34.0', '2.0', '2.7', '2.5', '0.8', '0.8', '0.8'),
(2053, 'Soup saveur maison', '37.0', '1.0', '5.9', '2.7', '0.6', '0.7', '0.7'),
(2054, 'Mousline gourmet', '346.0', '0.7', '73.6', '1.2', '0.0', '8.0', '1.3'),
(2055, 'Delisoup Délice de Potiron', '28.0', '0.7', '4.2', '1.9', '0.8', '0.7', '0.8'),
(2056, 'Soupe 8 légumes', '77.0', '4.8', '6.4', '3.2', '0.0', '1.5', '0.8'),
(2057, 'Envie soupe de carottes', '27.0', '0.4', '4.7', '2.1', '1.2', '0.5', '0.6'),
(2058, 'Les Tendances Courgette, Fromage de chèvre et une ', '51.0', '2.5', '5.9', '3.3', '0.5', '1.2', '0.7'),
(2059, 'Gratin Daufinois', '175.0', '12.4', '12.5', '0.8', '0.0', '3.4', '1.0'),
(2060, 'Potiron', '53.0', '3.2', '4.8', '2.7', '0.0', '0.6', '0.7'),
(2061, 'Légumes verts Bio', '35.0', '1.1', '4.6', '1.4', '1.0', '1.1', '0.7'),
(2062, 'Suprême De Tomates Velouté 1l', '54.0', '2.3', '7.3', '4.4', '0.0', '1.6', '0.7'),
(2063, 'Soupe aux tomates, avec boulettes', '36.0', '1.0', '5.1', '2.7', '0.7', '1.2', '0.8'),
(2064, 'Pizza Margherita', '238.0', '7.8', '31.0', '2.8', '2.1', '10.0', '0.8'),
(2065, 'Deli Soup\' Tomates Poivrons', '0.0', '2.4', '5.0', '1.9', '1.2', '0.7', '0.8'),
(2066, 'Mousline', '351.0', '0.9', '75.0', '2.5', '6.6', '7.5', '0.2'),
(2067, 'Potage de potiron et graines de chia', '43.0', '1.8', '5.3', '1.8', '0.0', '1.0', '0.8'),
(2068, 'Pizza Margherita', '236.0', '6.2', '34.5', '2.9', '2.2', '9.4', '1.2'),
(2069, 'Velouté de 8 légumes', '109.0', '5.3', '16.0', '4.6', '2.3', '1.5', '1.6'),
(2070, 'Haricots blancs à la sauce tomate', '81.0', '0.5', '13.0', '4.4', '3.9', '4.2', '0.8'),
(2071, 'Velouté de tomates', '39.0', '2.3', '3.8', '2.7', '0.0', '0.6', '0.8'),
(2072, 'Gratin dauphinois', '0.0', '5.1', '11.9', '3.0', '1.4', '2.7', '0.8'),
(2073, 'Taboulé aux 5 légumes', '155.0', '5.0', '22.0', '4.8', '2.5', '4.3', '1.1'),
(2074, 'Cream of tomato', '358.0', '18.0', '43.0', '29.0', '0.0', '4.2', '3.3'),
(2075, 'Purée de pommes de terre', '332.0', '0.2', '68.1', '5.1', '9.3', '9.3', '3.2'),
(2076, 'Délice de 8 légumes', '53.0', '3.2', '4.8', '1.5', '1.0', '0.8', '0.7'),
(2077, 'Courgette Poireau avec Persil', '20.0', '0.4', '3.4', '0.8', '0.8', '0.9', '0.7'),
(2078, 'Velouté butternut et potiron', '19.0', '0.5', '3.3', '0.5', '0.7', '0.5', '0.7'),
(2079, 'Aubergines à la provençale', '96.0', '6.6', '6.7', '5.3', '0.0', '1.2', '0.9'),
(2080, 'Cassoulet', '119.0', '4.2', '11.0', '0.5', '4.1', '7.3', '0.9'),
(2081, 'Soupe de cerfeuil avec boulettes', '42.0', '1.9', '4.4', '1.4', '1.0', '1.8', '0.7'),
(2082, 'Ratatouille', '48.0', '1.5', '6.5', '5.2', '2.2', '1.0', '0.7'),
(2083, 'Knorr Soupe Liquide Velouté de 9 Légumes Brique 30', '48.0', '1.9', '6.3', '2.1', '0.9', '0.6', '0.7'),
(2084, 'Carottes avec pomme de terre', '26.0', '0.1', '5.5', '3.5', '0.0', '0.7', '0.0'),
(2085, 'Petit pot légumes variés', '33.0', '0.2', '5.2', '3.4', '0.0', '1.1', '0.0'),
(2086, 'Cassoulet au confit d\'oie', '108.0', '4.3', '6.7', '0.7', '0.0', '8.9', '1.2'),
(2087, 'Creamy Tomato & Basil soup', '59.0', '3.9', '4.8', '4.0', '0.6', '0.9', '0.6'),
(2088, 'Soupe petit pois menthe', '48.0', '2.1', '4.6', '1.8', '0.0', '1.7', '0.5'),
(2089, 'Haricots blancs à la tomate', '319.0', '1.0', '9.8', '1.3', '0.0', '4.5', '0.7'),
(2090, 'chunky vegetable soup', '48.0', '1.8', '5.6', '1.5', '1.1', '1.8', '0.5'),
(2091, 'Ravioli - Volaille', '98.0', '2.6', '13.7', '3.1', '1.7', '4.2', '0.9'),
(2092, 'Taboulé boulghour basilic et menthe', '125.0', '2.9', '19.7', '3.6', '3.3', '3.4', '1.2'),
(2093, '670G RATATOUILLE', '89.0', '6.9', '4.8', '2.7', '1.5', '1.2', '0.7'),
(2094, 'aliment test', '1.0', '1.0', '1.0', '1.0', '1.0', '1.0', '1.0'),
(2095, 'aliment test', '1.0', '1.0', '1.0', '1.0', '1.0', '1.0', '1.0');

--
-- Déchargement des données de la table `contenir`
--

INSERT INTO `contenir` (`ID_ALIMENT`, `ID_REPAS`, `QUANTITE`) VALUES
(1225, 1, 200),
(1036, 1, 200),
(1413, 2, 100),
(73, 2, 100),
(966, 3, 200),
(2013, 3, 100),
(1728, 4, 100),
(2001, 4, 100),
(1830, 5, 200),
(1912, 5, 200),
(769, 6, 200),
(2090, 6, 100),
(23, 7, 200),
(721, 7, 100),
(1859, 8, 200),
(1146, 8, 200),
(1792, 9, 200),
(161, 9, 200),
(1070, 10, 200),
(1117, 10, 200),
(501, 11, 200),
(1506, 11, 100),
(303, 12, 100),
(1162, 12, 100),
(1570, 13, 100),
(142, 13, 100),
(402, 14, 100),
(533, 14, 200),
(1483, 15, 200),
(43, 15, 200),
(1917, 16, 200),
(852, 16, 100),
(844, 17, 200),
(1802, 17, 100),
(1765, 18, 200),
(13, 18, 200),
(226, 19, 100),
(1921, 19, 200),
(1788, 20, 100),
(1752, 20, 200),
(726, 21, 100),
(54, 21, 200),
(1378, 22, 200),
(1295, 22, 100),
(1647, 23, 200),
(1283, 23, 200),
(1028, 24, 200),
(633, 24, 100),
(520, 25, 200),
(389, 25, 200),
(465, 26, 100),
(1020, 26, 200),
(1338, 27, 100),
(1287, 27, 100),
(1016, 28, 200),
(1082, 28, 100),
(274, 29, 200),
(1530, 29, 200),
(520, 30, 200),
(826, 30, 200),
(1948, 31, 200),
(163, 31, 200),
(1132, 32, 200),
(672, 32, 200),
(746, 33, 100),
(22, 33, 100),
(110, 34, 100),
(1381, 34, 200),
(581, 35, 100),
(990, 35, 200),
(1783, 36, 200),
(1949, 36, 200),
(915, 37, 200),
(834, 37, 100),
(231, 38, 100),
(1455, 38, 100),
(411, 39, 100),
(1177, 39, 100),
(1622, 40, 200),
(2012, 40, 200),
(2029, 41, 200),
(800, 41, 100),
(1170, 42, 100),
(400, 42, 200),
(1708, 43, 200),
(1997, 43, 100),
(583, 44, 200),
(1514, 44, 100),
(1523, 45, 100),
(1671, 45, 100),
(1046, 46, 200),
(574, 46, 200),
(1072, 47, 200),
(1211, 47, 100),
(937, 48, 100),
(36, 48, 200),
(2007, 49, 100),
(975, 49, 100),
(1521, 50, 200),
(2064, 50, 100),
(1262, 51, 200),
(1073, 51, 100),
(1961, 52, 200),
(277, 52, 200),
(562, 53, 100),
(1745, 53, 100),
(1287, 54, 100),
(998, 54, 200),
(599, 55, 100),
(337, 55, 200),
(1650, 56, 100),
(1467, 56, 200),
(1020, 57, 100),
(1352, 57, 100),
(1823, 58, 100),
(222, 58, 100),
(1301, 59, 200),
(344, 59, 200),
(89, 60, 200),
(480, 60, 200),
(1911, 61, 100),
(125, 61, 200),
(398, 62, 200),
(1473, 62, 200),
(1591, 63, 100),
(1274, 63, 100),
(1727, 64, 100),
(27, 64, 100),
(472, 65, 100),
(1830, 65, 200),
(869, 66, 100),
(399, 66, 100),
(1264, 67, 200),
(467, 67, 100),
(449, 68, 200),
(254, 68, 200),
(554, 69, 100),
(1384, 69, 100),
(253, 70, 200),
(1420, 70, 200),
(2036, 71, 200),
(1626, 71, 200),
(329, 72, 100),
(99, 72, 200),
(254, 73, 100),
(647, 73, 200),
(1211, 74, 100),
(860, 74, 100),
(790, 75, 200),
(1867, 75, 100),
(1584, 76, 200),
(495, 76, 200),
(1076, 77, 200),
(1417, 77, 100),
(518, 78, 200),
(809, 78, 200),
(1433, 79, 200),
(972, 79, 200),
(153, 80, 100),
(1572, 80, 100),
(1753, 81, 100),
(803, 81, 200),
(817, 82, 100),
(2095, 82, 100),
(213, 83, 200),
(1584, 83, 100),
(1873, 84, 100),
(1994, 84, 200),
(1006, 85, 200),
(102, 85, 100),
(1918, 86, 200),
(800, 86, 200),
(104, 87, 200),
(1051, 87, 100),
(1654, 88, 200),
(783, 88, 100),
(170, 89, 100),
(581, 89, 100),
(445, 90, 100),
(646, 90, 200),
(119, 91, 100),
(103, 91, 200),
(1148, 92, 100),
(1289, 92, 200),
(1243, 93, 100),
(1185, 93, 200),
(546, 94, 100),
(161, 94, 100),
(1164, 95, 200),
(1469, 95, 200),
(583, 96, 200),
(2, 96, 100),
(327, 97, 100),
(1680, 97, 200),
(601, 98, 200),
(1535, 98, 200),
(1791, 99, 200),
(2042, 99, 100),
(44, 100, 200),
(726, 100, 100),
(1212, 101, 200),
(565, 101, 200),
(299, 102, 100),
(161, 102, 100),
(1629, 103, 100),
(371, 103, 100),
(504, 104, 100),
(1149, 104, 100),
(1444, 105, 100),
(752, 105, 200),
(1114, 106, 100),
(775, 106, 100),
(65, 107, 200),
(297, 107, 200),
(277, 108, 100),
(1171, 108, 100),
(153, 109, 100),
(878, 109, 200),
(211, 110, 200),
(400, 110, 200),
(631, 111, 200),
(1929, 111, 100),
(460, 112, 100),
(852, 112, 100),
(1231, 113, 100),
(274, 113, 100),
(815, 114, 200),
(12, 114, 200),
(1320, 115, 200),
(1054, 115, 100),
(88, 116, 200),
(718, 116, 100),
(215, 117, 100),
(1432, 117, 100),
(612, 118, 200),
(139, 118, 200),
(932, 119, 200),
(1034, 119, 100),
(342, 120, 100),
(207, 120, 100),
(954, 121, 100),
(2005, 121, 200),
(2008, 122, 100),
(1108, 122, 100),
(1600, 123, 200),
(1094, 123, 100),
(981, 124, 200),
(321, 124, 100),
(774, 125, 100),
(325, 125, 200),
(754, 126, 100),
(1843, 126, 200),
(1205, 127, 100),
(1946, 127, 200),
(1121, 128, 100),
(863, 128, 200),
(334, 129, 100),
(1643, 129, 200),
(1599, 130, 200),
(261, 130, 100),
(1915, 131, 200),
(1597, 131, 200),
(685, 132, 200),
(2032, 132, 200),
(1480, 133, 200),
(215, 133, 100),
(398, 134, 200),
(536, 134, 100),
(1755, 135, 100),
(802, 135, 200),
(1872, 136, 100),
(726, 136, 100),
(1904, 137, 100),
(462, 137, 100),
(369, 138, 100),
(73, 138, 200),
(1882, 139, 200),
(1231, 139, 100),
(1102, 140, 200),
(1358, 140, 200),
(2029, 141, 100),
(1117, 141, 200),
(805, 142, 100),
(1396, 142, 100),
(1140, 143, 100),
(1462, 143, 100),
(1710, 144, 200),
(689, 144, 200),
(1758, 145, 100),
(249, 145, 100),
(652, 146, 200),
(973, 146, 200),
(386, 147, 200),
(953, 147, 200),
(103, 148, 200),
(957, 148, 100),
(372, 149, 100),
(693, 149, 200),
(584, 150, 100),
(526, 150, 100),
(163, 151, 100),
(797, 151, 200),
(1565, 152, 100),
(374, 152, 200),
(1193, 153, 200),
(81, 153, 200),
(1158, 154, 100),
(266, 154, 200),
(1862, 155, 200),
(1259, 155, 100),
(1380, 156, 100),
(1616, 156, 200),
(1003, 157, 100),
(1403, 157, 100),
(1488, 158, 100),
(776, 158, 200),
(938, 159, 200),
(90, 159, 100),
(175, 160, 200),
(964, 160, 100),
(493, 161, 200),
(1614, 161, 200),
(929, 162, 100),
(1194, 162, 100),
(1285, 163, 200),
(777, 163, 200),
(324, 164, 200),
(1232, 164, 200),
(125, 165, 100),
(886, 165, 100),
(2080, 166, 100),
(540, 166, 100),
(1917, 167, 200),
(1919, 167, 100),
(322, 168, 100),
(453, 168, 100),
(771, 169, 200),
(147, 169, 200),
(825, 170, 100),
(895, 170, 200),
(932, 171, 100),
(1489, 171, 200),
(637, 172, 200),
(1148, 172, 200),
(711, 173, 200),
(800, 173, 200),
(842, 174, 200),
(656, 174, 200),
(1728, 175, 100),
(592, 175, 200),
(714, 176, 100),
(1073, 176, 200),
(309, 177, 100),
(1699, 177, 100),
(1850, 178, 200),
(1399, 178, 100),
(1242, 179, 100),
(1631, 179, 200),
(188, 180, 200),
(1864, 180, 200),
(285, 181, 200),
(772, 181, 200),
(1491, 182, 100),
(564, 182, 100),
(637, 183, 100),
(1032, 183, 200),
(1502, 184, 200),
(495, 184, 200),
(1706, 185, 200),
(1082, 185, 200),
(360, 186, 100),
(1117, 186, 100),
(1896, 187, 200),
(1603, 187, 100),
(592, 188, 200),
(1675, 188, 200),
(412, 189, 200),
(1019, 189, 100),
(188, 190, 200),
(1161, 190, 100),
(453, 191, 200),
(513, 191, 200),
(1789, 192, 100),
(1784, 192, 200),
(1057, 193, 200),
(1049, 193, 200),
(1487, 194, 100),
(788, 194, 200),
(1361, 195, 200),
(1225, 195, 100),
(1661, 196, 100),
(1273, 196, 200),
(1315, 197, 100),
(1490, 197, 200),
(87, 198, 100),
(1456, 198, 100),
(663, 199, 100),
(1751, 199, 200),
(1969, 200, 100),
(443, 200, 100),
(810, 201, 200),
(628, 201, 100),
(1591, 202, 100),
(1219, 202, 200),
(790, 203, 100),
(2039, 203, 100),
(258, 204, 100),
(232, 204, 200),
(1826, 205, 200),
(667, 205, 100),
(750, 206, 200),
(117, 206, 100),
(87, 207, 100),
(1007, 207, 200),
(762, 208, 100),
(1673, 208, 200),
(1157, 209, 100),
(1260, 209, 200),
(489, 210, 200),
(744, 210, 100),
(694, 211, 200),
(628, 211, 200),
(553, 212, 100),
(1656, 212, 200),
(452, 213, 200),
(1483, 213, 200),
(1749, 214, 100),
(1341, 214, 100),
(795, 215, 200),
(1272, 215, 200),
(842, 216, 200),
(98, 216, 100),
(2003, 217, 100),
(860, 217, 100),
(879, 218, 200),
(1596, 218, 200),
(1893, 219, 100),
(1508, 219, 100),
(1037, 220, 100),
(1437, 220, 100),
(519, 221, 200),
(63, 221, 200),
(58, 222, 200),
(1757, 222, 200),
(1302, 223, 100),
(1124, 223, 100),
(1082, 224, 200),
(444, 224, 200),
(1041, 225, 100),
(1524, 225, 100),
(229, 226, 100),
(736, 226, 200),
(537, 227, 100),
(246, 227, 100),
(1882, 228, 100),
(1970, 228, 100),
(1336, 229, 100),
(461, 229, 100),
(133, 230, 200),
(64, 230, 100),
(1403, 231, 200),
(517, 231, 100),
(230, 232, 200),
(135, 232, 200),
(829, 233, 200),
(1228, 233, 100),
(1484, 234, 100),
(1138, 234, 200),
(2035, 235, 200),
(1942, 235, 200),
(1335, 236, 100),
(336, 236, 100),
(1160, 237, 100),
(745, 237, 100),
(2007, 238, 100),
(406, 238, 200),
(247, 239, 100),
(1013, 239, 100),
(1447, 240, 100),
(254, 240, 100),
(1221, 241, 200),
(289, 241, 200),
(295, 242, 100),
(1529, 242, 200),
(1118, 243, 100),
(333, 243, 200),
(1124, 244, 100),
(857, 244, 100),
(1144, 245, 100),
(282, 245, 100),
(1192, 246, 100),
(1042, 246, 100),
(89, 247, 200),
(265, 247, 200),
(1091, 248, 200),
(1295, 248, 200),
(994, 249, 200),
(1258, 249, 100),
(234, 250, 100),
(1710, 250, 200),
(1864, 251, 100),
(1598, 251, 100),
(1336, 252, 200),
(1882, 252, 200),
(944, 253, 100),
(75, 253, 100),
(2018, 254, 200),
(744, 254, 200),
(856, 255, 100),
(1819, 255, 100),
(1780, 256, 100),
(738, 256, 100),
(1488, 257, 200),
(1834, 257, 200),
(1724, 258, 200),
(1031, 258, 100),
(2087, 259, 200),
(1847, 259, 200),
(179, 260, 200),
(2091, 260, 100),
(2081, 261, 200),
(170, 261, 200),
(546, 262, 200),
(1684, 262, 100),
(767, 263, 200),
(1663, 263, 100),
(220, 264, 200),
(845, 264, 100),
(1250, 265, 200),
(1075, 265, 200),
(144, 266, 200),
(1907, 266, 200),
(194, 267, 100),
(203, 267, 200),
(1313, 268, 100),
(1460, 268, 200),
(1310, 269, 200),
(1908, 269, 200),
(1818, 270, 100),
(1428, 270, 100),
(230, 271, 100),
(970, 271, 200),
(1111, 272, 100),
(1526, 272, 200),
(1840, 273, 100),
(405, 273, 200),
(1494, 274, 200),
(2002, 274, 200),
(1710, 275, 100),
(667, 275, 100),
(695, 276, 100),
(1444, 276, 200),
(527, 277, 200),
(935, 277, 200),
(605, 278, 200),
(1502, 278, 200),
(1272, 279, 100),
(1285, 279, 100),
(1477, 280, 100),
(454, 280, 100),
(2045, 281, 100),
(2027, 281, 100),
(1200, 282, 200),
(681, 282, 200),
(739, 283, 200),
(1427, 283, 200),
(1273, 284, 100),
(760, 284, 200),
(716, 285, 200),
(1982, 285, 100),
(380, 286, 200),
(1432, 286, 200),
(1186, 287, 200),
(1952, 287, 100),
(1986, 288, 100),
(39, 288, 100),
(1700, 289, 100),
(1794, 289, 100),
(162, 290, 200),
(725, 290, 100),
(1313, 291, 100),
(1135, 291, 200),
(1281, 292, 100),
(952, 292, 100),
(868, 293, 200),
(845, 293, 200),
(821, 294, 100),
(660, 294, 100),
(144, 295, 100),
(2013, 295, 200),
(1472, 296, 200),
(951, 296, 200),
(974, 297, 200),
(995, 297, 100),
(1295, 298, 100),
(494, 298, 100),
(2076, 299, 100),
(1383, 299, 100),
(508, 300, 100),
(2055, 300, 200),
(1989, 301, 100),
(1848, 301, 200),
(1636, 302, 100),
(1055, 302, 200),
(1445, 303, 200),
(2064, 303, 100),
(1559, 304, 100),
(1902, 304, 200),
(864, 305, 100),
(2028, 305, 200),
(62, 306, 100),
(1181, 306, 100),
(1502, 307, 200),
(2054, 307, 200),
(1756, 308, 100),
(798, 308, 200),
(1638, 309, 200),
(444, 309, 200),
(1784, 310, 200),
(1178, 310, 100),
(1844, 311, 100),
(1978, 311, 100),
(1297, 312, 100),
(2036, 312, 100),
(1139, 313, 100),
(1190, 313, 200),
(1984, 314, 100),
(1435, 314, 200),
(1374, 315, 200),
(711, 315, 200),
(1944, 316, 100),
(1254, 316, 100),
(925, 317, 100),
(614, 317, 200),
(1370, 318, 200),
(1274, 318, 100),
(1725, 319, 200),
(2027, 319, 200),
(340, 320, 200),
(1474, 320, 100),
(887, 321, 200),
(1038, 321, 100),
(43, 322, 100),
(189, 322, 100),
(1991, 323, 100),
(578, 323, 100),
(493, 324, 200),
(295, 324, 100),
(689, 325, 200),
(76, 325, 200),
(1386, 326, 100),
(1014, 326, 200),
(864, 327, 100),
(715, 327, 200),
(73, 328, 100),
(244, 328, 100),
(2020, 329, 100),
(1708, 329, 200),
(1223, 330, 200),
(607, 330, 200),
(1029, 331, 100),
(1619, 331, 100),
(593, 332, 100),
(2081, 332, 100),
(280, 333, 100),
(69, 333, 100),
(666, 334, 200),
(414, 334, 200),
(539, 335, 100),
(1923, 335, 200),
(555, 336, 100),
(820, 336, 100),
(1852, 337, 200),
(1650, 337, 200),
(1834, 338, 200),
(1801, 338, 100),
(1792, 339, 200),
(1186, 339, 200),
(670, 340, 100),
(1302, 340, 100),
(880, 341, 200),
(1713, 341, 200),
(2054, 342, 100),
(1443, 342, 100),
(1837, 343, 100),
(203, 343, 200),
(123, 344, 200),
(1046, 344, 200),
(213, 345, 200),
(1, 345, 100),
(409, 346, 100),
(329, 346, 200),
(1174, 347, 200),
(1134, 347, 100),
(1015, 348, 100),
(689, 348, 200),
(147, 349, 200),
(1198, 349, 200),
(322, 350, 200),
(1905, 350, 200),
(719, 351, 200),
(1312, 351, 200),
(1143, 352, 200),
(876, 352, 100),
(366, 353, 100),
(1382, 353, 200),
(1827, 354, 200),
(1934, 354, 100),
(591, 355, 100),
(807, 355, 200),
(1403, 356, 100),
(1142, 356, 100),
(1110, 357, 200),
(1265, 357, 100),
(989, 358, 200),
(1174, 358, 200),
(302, 359, 100),
(1073, 359, 200),
(338, 360, 100),
(1837, 360, 200),
(1168, 361, 200),
(885, 361, 100),
(463, 362, 100),
(557, 362, 100),
(616, 363, 200),
(1670, 363, 100),
(1654, 364, 200),
(1475, 364, 100),
(580, 365, 200),
(1754, 365, 100),
(61, 366, 200),
(1666, 366, 200),
(806, 367, 200),
(1257, 367, 200),
(805, 368, 100),
(322, 368, 200),
(228, 369, 200),
(355, 369, 200),
(1518, 370, 100),
(1703, 370, 200),
(220, 371, 100),
(423, 371, 200),
(422, 372, 100),
(209, 372, 200),
(1260, 373, 200),
(587, 373, 100),
(1517, 374, 200),
(1882, 374, 100),
(457, 375, 200),
(1555, 375, 100),
(631, 376, 100),
(2068, 376, 200),
(1222, 377, 100),
(205, 377, 100),
(894, 378, 100),
(1198, 378, 100),
(328, 379, 100),
(615, 379, 200),
(492, 380, 100),
(715, 380, 100),
(302, 381, 200),
(1471, 381, 200),
(1361, 382, 200),
(1607, 382, 200),
(173, 383, 200),
(1839, 383, 100),
(1453, 384, 200),
(788, 384, 100),
(847, 385, 100),
(1797, 385, 100),
(1290, 386, 100),
(1387, 386, 200),
(860, 387, 100),
(116, 387, 200),
(1202, 388, 200),
(1120, 388, 200),
(1776, 389, 100),
(121, 389, 200),
(1855, 390, 200),
(1674, 390, 200),
(724, 391, 200),
(269, 391, 100),
(1584, 392, 100),
(1835, 392, 200),
(570, 393, 100),
(164, 393, 100),
(1076, 394, 100),
(431, 394, 100),
(1496, 395, 200),
(2069, 395, 100),
(594, 396, 100),
(595, 396, 100),
(964, 397, 200),
(1085, 397, 100),
(2033, 398, 200),
(2022, 398, 100),
(1700, 399, 200),
(1092, 399, 200),
(244, 400, 200),
(1285, 400, 100),
(1652, 401, 100),
(1419, 401, 200),
(557, 402, 100),
(1878, 402, 100),
(149, 403, 200),
(4, 403, 200),
(280, 404, 100),
(1816, 404, 100),
(1094, 405, 100),
(1733, 405, 200),
(1246, 406, 100),
(1758, 406, 100),
(429, 407, 200),
(689, 407, 200),
(1924, 408, 100),
(1813, 408, 100),
(1201, 409, 200),
(1658, 409, 200),
(252, 410, 200),
(1308, 410, 100),
(162, 411, 100),
(215, 411, 100),
(1072, 412, 100),
(86, 412, 200),
(172, 413, 200),
(1743, 413, 200),
(1810, 414, 200),
(1781, 414, 200),
(1351, 415, 100),
(939, 415, 100),
(1679, 416, 200),
(1919, 416, 200),
(1136, 417, 200),
(513, 417, 100),
(828, 418, 200),
(1571, 418, 200),
(22, 419, 100),
(765, 419, 100),
(1980, 420, 200),
(196, 420, 200),
(2080, 421, 200),
(1317, 421, 100),
(231, 422, 200),
(139, 422, 200),
(325, 423, 200),
(351, 423, 200),
(459, 424, 200),
(193, 424, 200),
(438, 425, 100),
(1246, 425, 200),
(1554, 426, 100),
(1599, 426, 200),
(1275, 427, 200),
(897, 427, 200),
(1112, 428, 200),
(1513, 428, 100),
(1710, 429, 200),
(1564, 429, 100),
(1078, 430, 100),
(449, 430, 200),
(1083, 431, 200),
(2063, 431, 100),
(91, 432, 200),
(784, 432, 100),
(1559, 433, 100),
(1587, 433, 100),
(1639, 434, 200),
(185, 434, 200),
(1357, 435, 100),
(426, 435, 100),
(1310, 436, 200),
(1015, 436, 200),
(588, 437, 200),
(1874, 437, 200),
(1447, 438, 100),
(2056, 438, 200),
(834, 439, 200),
(1584, 439, 100),
(1680, 440, 200),
(2085, 440, 200),
(1491, 441, 100),
(1025, 441, 100),
(1913, 442, 100),
(540, 442, 200),
(1291, 443, 200),
(1658, 443, 100),
(1768, 444, 200),
(982, 444, 200),
(714, 445, 200),
(1353, 445, 100),
(1334, 446, 200),
(1699, 446, 100),
(793, 447, 200),
(883, 447, 100),
(566, 448, 200),
(21, 448, 200),
(684, 449, 100),
(310, 449, 200),
(1622, 450, 100),
(642, 450, 200),
(178, 451, 200),
(685, 451, 200),
(630, 452, 100),
(1310, 452, 100),
(1685, 453, 200),
(1079, 453, 100),
(2075, 454, 200),
(1466, 454, 100),
(1972, 455, 200),
(369, 455, 200),
(1938, 456, 200),
(1291, 456, 200),
(1577, 457, 200),
(1452, 457, 200),
(1186, 458, 100),
(687, 458, 200),
(125, 459, 100),
(1157, 459, 100),
(1413, 460, 100),
(829, 460, 100),
(421, 461, 200),
(345, 461, 100),
(1531, 462, 200),
(916, 462, 200),
(1449, 463, 200),
(1361, 463, 200),
(2054, 464, 200),
(1940, 464, 200),
(2072, 465, 200),
(1111, 465, 100),
(1905, 466, 200),
(206, 466, 200),
(1754, 467, 100),
(1749, 467, 100),
(1450, 468, 200),
(970, 468, 100),
(2086, 469, 100),
(290, 469, 200),
(1617, 470, 200),
(1550, 470, 200),
(1744, 471, 200),
(897, 471, 200),
(435, 472, 200),
(896, 472, 200),
(952, 473, 100),
(230, 473, 200),
(573, 474, 100),
(154, 474, 200),
(999, 475, 100),
(1519, 475, 200),
(672, 476, 100),
(56, 476, 100),
(362, 477, 100),
(667, 477, 100),
(1134, 478, 100),
(1255, 478, 200),
(1726, 479, 200),
(787, 479, 200),
(539, 480, 100),
(514, 480, 100);

--
-- Déchargement des données de la table `repas`
--

INSERT INTO `repas` (`ID_REPAS`, `ID_TYPE`, `ID_USER`, `DATE_REPAS`) VALUES
(1, 1, 1, '2023-07-01'),
(2, 1, 1, '2023-08-01'),
(3, 1, 1, '2023-09-01'),
(4, 1, 1, '2023-10-01'),
(5, 2, 1, '2023-07-01'),
(6, 2, 1, '2023-08-01'),
(7, 2, 1, '2023-09-01'),
(8, 2, 1, '2023-10-01'),
(9, 3, 1, '2023-07-01'),
(10, 3, 1, '2023-08-01'),
(11, 3, 1, '2023-09-01'),
(12, 3, 1, '2023-10-01'),
(13, 4, 1, '2023-07-01'),
(14, 4, 1, '2023-08-01'),
(15, 4, 1, '2023-09-01'),
(16, 4, 1, '2023-10-01'),
(17, 1, 1, '2023-07-02'),
(18, 1, 1, '2023-08-02'),
(19, 1, 1, '2023-09-02'),
(20, 1, 1, '2023-10-02'),
(21, 2, 1, '2023-07-02'),
(22, 2, 1, '2023-08-02'),
(23, 2, 1, '2023-09-02'),
(24, 2, 1, '2023-10-02'),
(25, 3, 1, '2023-07-02'),
(26, 3, 1, '2023-08-02'),
(27, 3, 1, '2023-09-02'),
(28, 3, 1, '2023-10-02'),
(29, 4, 1, '2023-07-02'),
(30, 4, 1, '2023-08-02'),
(31, 4, 1, '2023-09-02'),
(32, 4, 1, '2023-10-02'),
(33, 1, 1, '2023-07-03'),
(34, 1, 1, '2023-08-03'),
(35, 1, 1, '2023-09-03'),
(36, 1, 1, '2023-10-03'),
(37, 2, 1, '2023-07-03'),
(38, 2, 1, '2023-08-03'),
(39, 2, 1, '2023-09-03'),
(40, 2, 1, '2023-10-03'),
(41, 3, 1, '2023-07-03'),
(42, 3, 1, '2023-08-03'),
(43, 3, 1, '2023-09-03'),
(44, 3, 1, '2023-10-03'),
(45, 4, 1, '2023-07-03'),
(46, 4, 1, '2023-08-03'),
(47, 4, 1, '2023-09-03'),
(48, 4, 1, '2023-10-03'),
(49, 1, 1, '2023-07-04'),
(50, 1, 1, '2023-08-04'),
(51, 1, 1, '2023-09-04'),
(52, 1, 1, '2023-10-04'),
(53, 2, 1, '2023-07-04'),
(54, 2, 1, '2023-08-04'),
(55, 2, 1, '2023-09-04'),
(56, 2, 1, '2023-10-04'),
(57, 3, 1, '2023-07-04'),
(58, 3, 1, '2023-08-04'),
(59, 3, 1, '2023-09-04'),
(60, 3, 1, '2023-10-04'),
(61, 4, 1, '2023-07-04'),
(62, 4, 1, '2023-08-04'),
(63, 4, 1, '2023-09-04'),
(64, 4, 1, '2023-10-04'),
(65, 1, 1, '2023-07-05'),
(66, 1, 1, '2023-08-05'),
(67, 1, 1, '2023-09-05'),
(68, 1, 1, '2023-10-05'),
(69, 2, 1, '2023-07-05'),
(70, 2, 1, '2023-08-05'),
(71, 2, 1, '2023-09-05'),
(72, 2, 1, '2023-10-05'),
(73, 3, 1, '2023-07-05'),
(74, 3, 1, '2023-08-05'),
(75, 3, 1, '2023-09-05'),
(76, 3, 1, '2023-10-05'),
(77, 4, 1, '2023-07-05'),
(78, 4, 1, '2023-08-05'),
(79, 4, 1, '2023-09-05'),
(80, 4, 1, '2023-10-05'),
(81, 1, 1, '2023-07-06'),
(82, 1, 1, '2023-08-06'),
(83, 1, 1, '2023-09-06'),
(84, 1, 1, '2023-10-06'),
(85, 2, 1, '2023-07-06'),
(86, 2, 1, '2023-08-06'),
(87, 2, 1, '2023-09-06'),
(88, 2, 1, '2023-10-06'),
(89, 3, 1, '2023-07-06'),
(90, 3, 1, '2023-08-06'),
(91, 3, 1, '2023-09-06'),
(92, 3, 1, '2023-10-06'),
(93, 4, 1, '2023-07-06'),
(94, 4, 1, '2023-08-06'),
(95, 4, 1, '2023-09-06'),
(96, 4, 1, '2023-10-06'),
(97, 1, 1, '2023-07-07'),
(98, 1, 1, '2023-08-07'),
(99, 1, 1, '2023-09-07'),
(100, 1, 1, '2023-10-07'),
(101, 2, 1, '2023-07-07'),
(102, 2, 1, '2023-08-07'),
(103, 2, 1, '2023-09-07'),
(104, 2, 1, '2023-10-07'),
(105, 3, 1, '2023-07-07'),
(106, 3, 1, '2023-08-07'),
(107, 3, 1, '2023-09-07'),
(108, 3, 1, '2023-10-07'),
(109, 4, 1, '2023-07-07'),
(110, 4, 1, '2023-08-07'),
(111, 4, 1, '2023-09-07'),
(112, 4, 1, '2023-10-07'),
(113, 1, 1, '2023-07-08'),
(114, 1, 1, '2023-08-08'),
(115, 1, 1, '2023-09-08'),
(116, 1, 1, '2023-10-08'),
(117, 2, 1, '2023-07-08'),
(118, 2, 1, '2023-08-08'),
(119, 2, 1, '2023-09-08'),
(120, 2, 1, '2023-10-08'),
(121, 3, 1, '2023-07-08'),
(122, 3, 1, '2023-08-08'),
(123, 3, 1, '2023-09-08'),
(124, 3, 1, '2023-10-08'),
(125, 4, 1, '2023-07-08'),
(126, 4, 1, '2023-08-08'),
(127, 4, 1, '2023-09-08'),
(128, 4, 1, '2023-10-08'),
(129, 1, 1, '2023-07-09'),
(130, 1, 1, '2023-08-09'),
(131, 1, 1, '2023-09-09'),
(132, 1, 1, '2023-10-09'),
(133, 2, 1, '2023-07-09'),
(134, 2, 1, '2023-08-09'),
(135, 2, 1, '2023-09-09'),
(136, 2, 1, '2023-10-09'),
(137, 3, 1, '2023-07-09'),
(138, 3, 1, '2023-08-09'),
(139, 3, 1, '2023-09-09'),
(140, 3, 1, '2023-10-09'),
(141, 4, 1, '2023-07-09'),
(142, 4, 1, '2023-08-09'),
(143, 4, 1, '2023-09-09'),
(144, 4, 1, '2023-10-09'),
(145, 1, 1, '2023-07-10'),
(146, 1, 1, '2023-08-10'),
(147, 1, 1, '2023-09-10'),
(148, 1, 1, '2023-10-10'),
(149, 2, 1, '2023-07-10'),
(150, 2, 1, '2023-08-10'),
(151, 2, 1, '2023-09-10'),
(152, 2, 1, '2023-10-10'),
(153, 3, 1, '2023-07-10'),
(154, 3, 1, '2023-08-10'),
(155, 3, 1, '2023-09-10'),
(156, 3, 1, '2023-10-10'),
(157, 4, 1, '2023-07-10'),
(158, 4, 1, '2023-08-10'),
(159, 4, 1, '2023-09-10'),
(160, 4, 1, '2023-10-10'),
(161, 1, 1, '2023-07-11'),
(162, 1, 1, '2023-08-11'),
(163, 1, 1, '2023-09-11'),
(164, 1, 1, '2023-10-11'),
(165, 2, 1, '2023-07-11'),
(166, 2, 1, '2023-08-11'),
(167, 2, 1, '2023-09-11'),
(168, 2, 1, '2023-10-11'),
(169, 3, 1, '2023-07-11'),
(170, 3, 1, '2023-08-11'),
(171, 3, 1, '2023-09-11'),
(172, 3, 1, '2023-10-11'),
(173, 4, 1, '2023-07-11'),
(174, 4, 1, '2023-08-11'),
(175, 4, 1, '2023-09-11'),
(176, 4, 1, '2023-10-11'),
(177, 1, 1, '2023-07-12'),
(178, 1, 1, '2023-08-12'),
(179, 1, 1, '2023-09-12'),
(180, 1, 1, '2023-10-12'),
(181, 2, 1, '2023-07-12'),
(182, 2, 1, '2023-08-12'),
(183, 2, 1, '2023-09-12'),
(184, 2, 1, '2023-10-12'),
(185, 3, 1, '2023-07-12'),
(186, 3, 1, '2023-08-12'),
(187, 3, 1, '2023-09-12'),
(188, 3, 1, '2023-10-12'),
(189, 4, 1, '2023-07-12'),
(190, 4, 1, '2023-08-12'),
(191, 4, 1, '2023-09-12'),
(192, 4, 1, '2023-10-12'),
(193, 1, 1, '2023-07-13'),
(194, 1, 1, '2023-08-13'),
(195, 1, 1, '2023-09-13'),
(196, 1, 1, '2023-10-13'),
(197, 2, 1, '2023-07-13'),
(198, 2, 1, '2023-08-13'),
(199, 2, 1, '2023-09-13'),
(200, 2, 1, '2023-10-13'),
(201, 3, 1, '2023-07-13'),
(202, 3, 1, '2023-08-13'),
(203, 3, 1, '2023-09-13'),
(204, 3, 1, '2023-10-13'),
(205, 4, 1, '2023-07-13'),
(206, 4, 1, '2023-08-13'),
(207, 4, 1, '2023-09-13'),
(208, 4, 1, '2023-10-13'),
(209, 1, 1, '2023-07-14'),
(210, 1, 1, '2023-08-14'),
(211, 1, 1, '2023-09-14'),
(212, 1, 1, '2023-10-14'),
(213, 2, 1, '2023-07-14'),
(214, 2, 1, '2023-08-14'),
(215, 2, 1, '2023-09-14'),
(216, 2, 1, '2023-10-14'),
(217, 3, 1, '2023-07-14'),
(218, 3, 1, '2023-08-14'),
(219, 3, 1, '2023-09-14'),
(220, 3, 1, '2023-10-14'),
(221, 4, 1, '2023-07-14'),
(222, 4, 1, '2023-08-14'),
(223, 4, 1, '2023-09-14'),
(224, 4, 1, '2023-10-14'),
(225, 1, 1, '2023-07-15'),
(226, 1, 1, '2023-08-15'),
(227, 1, 1, '2023-09-15'),
(228, 1, 1, '2023-10-15'),
(229, 2, 1, '2023-07-15'),
(230, 2, 1, '2023-08-15'),
(231, 2, 1, '2023-09-15'),
(232, 2, 1, '2023-10-15'),
(233, 3, 1, '2023-07-15'),
(234, 3, 1, '2023-08-15'),
(235, 3, 1, '2023-09-15'),
(236, 3, 1, '2023-10-15'),
(237, 4, 1, '2023-07-15'),
(238, 4, 1, '2023-08-15'),
(239, 4, 1, '2023-09-15'),
(240, 4, 1, '2023-10-15'),
(241, 1, 1, '2023-07-16'),
(242, 1, 1, '2023-08-16'),
(243, 1, 1, '2023-09-16'),
(244, 1, 1, '2023-10-16'),
(245, 2, 1, '2023-07-16'),
(246, 2, 1, '2023-08-16'),
(247, 2, 1, '2023-09-16'),
(248, 2, 1, '2023-10-16'),
(249, 3, 1, '2023-07-16'),
(250, 3, 1, '2023-08-16'),
(251, 3, 1, '2023-09-16'),
(252, 3, 1, '2023-10-16'),
(253, 4, 1, '2023-07-16'),
(254, 4, 1, '2023-08-16'),
(255, 4, 1, '2023-09-16'),
(256, 4, 1, '2023-10-16'),
(257, 1, 1, '2023-07-17'),
(258, 1, 1, '2023-08-17'),
(259, 1, 1, '2023-09-17'),
(260, 1, 1, '2023-10-17'),
(261, 2, 1, '2023-07-17'),
(262, 2, 1, '2023-08-17'),
(263, 2, 1, '2023-09-17'),
(264, 2, 1, '2023-10-17'),
(265, 3, 1, '2023-07-17'),
(266, 3, 1, '2023-08-17'),
(267, 3, 1, '2023-09-17'),
(268, 3, 1, '2023-10-17'),
(269, 4, 1, '2023-07-17'),
(270, 4, 1, '2023-08-17'),
(271, 4, 1, '2023-09-17'),
(272, 4, 1, '2023-10-17'),
(273, 1, 1, '2023-07-18'),
(274, 1, 1, '2023-08-18'),
(275, 1, 1, '2023-09-18'),
(276, 1, 1, '2023-10-18'),
(277, 2, 1, '2023-07-18'),
(278, 2, 1, '2023-08-18'),
(279, 2, 1, '2023-09-18'),
(280, 2, 1, '2023-10-18'),
(281, 3, 1, '2023-07-18'),
(282, 3, 1, '2023-08-18'),
(283, 3, 1, '2023-09-18'),
(284, 3, 1, '2023-10-18'),
(285, 4, 1, '2023-07-18'),
(286, 4, 1, '2023-08-18'),
(287, 4, 1, '2023-09-18'),
(288, 4, 1, '2023-10-18'),
(289, 1, 1, '2023-07-19'),
(290, 1, 1, '2023-08-19'),
(291, 1, 1, '2023-09-19'),
(292, 1, 1, '2023-10-19'),
(293, 2, 1, '2023-07-19'),
(294, 2, 1, '2023-08-19'),
(295, 2, 1, '2023-09-19'),
(296, 2, 1, '2023-10-19'),
(297, 3, 1, '2023-07-19'),
(298, 3, 1, '2023-08-19'),
(299, 3, 1, '2023-09-19'),
(300, 3, 1, '2023-10-19'),
(301, 4, 1, '2023-07-19'),
(302, 4, 1, '2023-08-19'),
(303, 4, 1, '2023-09-19'),
(304, 4, 1, '2023-10-19'),
(305, 1, 1, '2023-07-20'),
(306, 1, 1, '2023-08-20'),
(307, 1, 1, '2023-09-20'),
(308, 1, 1, '2023-10-20'),
(309, 2, 1, '2023-07-20'),
(310, 2, 1, '2023-08-20'),
(311, 2, 1, '2023-09-20'),
(312, 2, 1, '2023-10-20'),
(313, 3, 1, '2023-07-20'),
(314, 3, 1, '2023-08-20'),
(315, 3, 1, '2023-09-20'),
(316, 3, 1, '2023-10-20'),
(317, 4, 1, '2023-07-20'),
(318, 4, 1, '2023-08-20'),
(319, 4, 1, '2023-09-20'),
(320, 4, 1, '2023-10-20'),
(321, 1, 1, '2023-07-21'),
(322, 1, 1, '2023-08-21'),
(323, 1, 1, '2023-09-21'),
(324, 1, 1, '2023-10-21'),
(325, 2, 1, '2023-07-21'),
(326, 2, 1, '2023-08-21'),
(327, 2, 1, '2023-09-21'),
(328, 2, 1, '2023-10-21'),
(329, 3, 1, '2023-07-21'),
(330, 3, 1, '2023-08-21'),
(331, 3, 1, '2023-09-21'),
(332, 3, 1, '2023-10-21'),
(333, 4, 1, '2023-07-21'),
(334, 4, 1, '2023-08-21'),
(335, 4, 1, '2023-09-21'),
(336, 4, 1, '2023-10-21'),
(337, 1, 1, '2023-07-22'),
(338, 1, 1, '2023-08-22'),
(339, 1, 1, '2023-09-22'),
(340, 1, 1, '2023-10-22'),
(341, 2, 1, '2023-07-22'),
(342, 2, 1, '2023-08-22'),
(343, 2, 1, '2023-09-22'),
(344, 2, 1, '2023-10-22'),
(345, 3, 1, '2023-07-22'),
(346, 3, 1, '2023-08-22'),
(347, 3, 1, '2023-09-22'),
(348, 3, 1, '2023-10-22'),
(349, 4, 1, '2023-07-22'),
(350, 4, 1, '2023-08-22'),
(351, 4, 1, '2023-09-22'),
(352, 4, 1, '2023-10-22'),
(353, 1, 1, '2023-07-23'),
(354, 1, 1, '2023-08-23'),
(355, 1, 1, '2023-09-23'),
(356, 1, 1, '2023-10-23'),
(357, 2, 1, '2023-07-23'),
(358, 2, 1, '2023-08-23'),
(359, 2, 1, '2023-09-23'),
(360, 2, 1, '2023-10-23'),
(361, 3, 1, '2023-07-23'),
(362, 3, 1, '2023-08-23'),
(363, 3, 1, '2023-09-23'),
(364, 3, 1, '2023-10-23'),
(365, 4, 1, '2023-07-23'),
(366, 4, 1, '2023-08-23'),
(367, 4, 1, '2023-09-23'),
(368, 4, 1, '2023-10-23'),
(369, 1, 1, '2023-07-24'),
(370, 1, 1, '2023-08-24'),
(371, 1, 1, '2023-09-24'),
(372, 1, 1, '2023-10-24'),
(373, 2, 1, '2023-07-24'),
(374, 2, 1, '2023-08-24'),
(375, 2, 1, '2023-09-24'),
(376, 2, 1, '2023-10-24'),
(377, 3, 1, '2023-07-24'),
(378, 3, 1, '2023-08-24'),
(379, 3, 1, '2023-09-24'),
(380, 3, 1, '2023-10-24'),
(381, 4, 1, '2023-07-24'),
(382, 4, 1, '2023-08-24'),
(383, 4, 1, '2023-09-24'),
(384, 4, 1, '2023-10-24'),
(385, 1, 1, '2023-07-25'),
(386, 1, 1, '2023-08-25'),
(387, 1, 1, '2023-09-25'),
(388, 1, 1, '2023-10-25'),
(389, 2, 1, '2023-07-25'),
(390, 2, 1, '2023-08-25'),
(391, 2, 1, '2023-09-25'),
(392, 2, 1, '2023-10-25'),
(393, 3, 1, '2023-07-25'),
(394, 3, 1, '2023-08-25'),
(395, 3, 1, '2023-09-25'),
(396, 3, 1, '2023-10-25'),
(397, 4, 1, '2023-07-25'),
(398, 4, 1, '2023-08-25'),
(399, 4, 1, '2023-09-25'),
(400, 4, 1, '2023-10-25'),
(401, 1, 1, '2023-07-26'),
(402, 1, 1, '2023-08-26'),
(403, 1, 1, '2023-09-26'),
(404, 1, 1, '2023-10-26'),
(405, 2, 1, '2023-07-26'),
(406, 2, 1, '2023-08-26'),
(407, 2, 1, '2023-09-26'),
(408, 2, 1, '2023-10-26'),
(409, 3, 1, '2023-07-26'),
(410, 3, 1, '2023-08-26'),
(411, 3, 1, '2023-09-26'),
(412, 3, 1, '2023-10-26'),
(413, 4, 1, '2023-07-26'),
(414, 4, 1, '2023-08-26'),
(415, 4, 1, '2023-09-26'),
(416, 4, 1, '2023-10-26'),
(417, 1, 1, '2023-07-27'),
(418, 1, 1, '2023-08-27'),
(419, 1, 1, '2023-09-27'),
(420, 1, 1, '2023-10-27'),
(421, 2, 1, '2023-07-27'),
(422, 2, 1, '2023-08-27'),
(423, 2, 1, '2023-09-27'),
(424, 2, 1, '2023-10-27'),
(425, 3, 1, '2023-07-27'),
(426, 3, 1, '2023-08-27'),
(427, 3, 1, '2023-09-27'),
(428, 3, 1, '2023-10-27'),
(429, 4, 1, '2023-07-27'),
(430, 4, 1, '2023-08-27'),
(431, 4, 1, '2023-09-27'),
(432, 4, 1, '2023-10-27'),
(433, 1, 1, '2023-07-28'),
(434, 1, 1, '2023-08-28'),
(435, 1, 1, '2023-09-28'),
(436, 1, 1, '2023-10-28'),
(437, 2, 1, '2023-07-28'),
(438, 2, 1, '2023-08-28'),
(439, 2, 1, '2023-09-28'),
(440, 2, 1, '2023-10-28'),
(441, 3, 1, '2023-07-28'),
(442, 3, 1, '2023-08-28'),
(443, 3, 1, '2023-09-28'),
(444, 3, 1, '2023-10-28'),
(445, 4, 1, '2023-07-28'),
(446, 4, 1, '2023-08-28'),
(447, 4, 1, '2023-09-28'),
(448, 4, 1, '2023-10-28'),
(449, 1, 1, '2023-07-29'),
(450, 1, 1, '2023-08-29'),
(451, 1, 1, '2023-09-29'),
(452, 1, 1, '2023-10-29'),
(453, 2, 1, '2023-07-29'),
(454, 2, 1, '2023-08-29'),
(455, 2, 1, '2023-09-29'),
(456, 2, 1, '2023-10-29'),
(457, 3, 1, '2023-07-29'),
(458, 3, 1, '2023-08-29'),
(459, 3, 1, '2023-09-29'),
(460, 3, 1, '2023-10-29'),
(461, 4, 1, '2023-07-29'),
(462, 4, 1, '2023-08-29'),
(463, 4, 1, '2023-09-29'),
(464, 4, 1, '2023-10-29'),
(465, 1, 1, '2023-07-30'),
(466, 1, 1, '2023-08-30'),
(467, 1, 1, '2023-09-30'),
(468, 1, 1, '2023-10-30'),
(469, 2, 1, '2023-07-30'),
(470, 2, 1, '2023-08-30'),
(471, 2, 1, '2023-09-30'),
(472, 2, 1, '2023-10-30'),
(473, 3, 1, '2023-07-30'),
(474, 3, 1, '2023-08-30'),
(475, 3, 1, '2023-09-30'),
(476, 3, 1, '2023-10-30'),
(477, 4, 1, '2023-07-30'),
(478, 4, 1, '2023-08-30'),
(479, 4, 1, '2023-09-30'),
(480, 4, 1, '2023-10-30');

--
-- Déchargement des données de la table `type`
--

INSERT INTO `type` (`ID_TYPE`, `NOM_TYPE`) VALUES
(1, 'Petit-déjeuner'),
(2, 'Déjeuner'),
(3, 'Goûter'),
(4, 'Diner');

--
-- Déchargement des données de la table `user`
--

INSERT INTO `user` (`ID_USER`, `ID_ACTIVITE`, `NAME`, `POIDS`, `TAILLE`, `AGE`, `PWD`, `SEXE`) VALUES
(1, 1, 'touriachi', 78, 300, 23, 'test', 'M'),
(2, 2, 'test_api', 50, 150, 16, 'test', 'F'),
(4, 2, 'test_modif', 50, 150, 16, 'test', 'M');
COMMIT;

/*!40101 SET CHARACTER_SET_CLIENT=@OLD_CHARACTER_SET_CLIENT */;
/*!40101 SET CHARACTER_SET_RESULTS=@OLD_CHARACTER_SET_RESULTS */;
/*!40101 SET COLLATION_CONNECTION=@OLD_COLLATION_CONNECTION */;
